,Event Action,Country Code (URL),Total Events,Unique Events,Event Value,Avg. Value,new
230,legacyDistColdView,AR,1826,1161,0,0.0,True
459,legacyDistColdSubmit,AR,590,394,0,0.0,True
540,legacyDistColdVerify,AR,412,356,0,0.0,True
588,legacyDistColdComplete,AR,358,341,0,0.0,True
293,legacyCustColdView,AR,1264,730,0,0.0,True
500,legacyCustColdSubmit,AR,485,294,0,0.0,True
776,legacyCustColdVerify,AR,151,144,0,0.0,True
795,legacyCustColdComplete,AR,140,137,0,0.0,True
108,legacyMembColdView,AR,4299,2758,0,0.0,True
175,legacyMembColdIntent,AR,2679,2184,0,0.0,True
209,legacyMembColdSubmit,AR,2167,1662,0,0.0,True
222,legacyMembColdVerify,AR,1981,1750,0,0.0,True
221,legacyMembColdComplete,AR,1983,1808,0,0.0,True
163,legacyDistInvtView,AR,2843,1665,0,0.0,True
1246,legacyDistInvtIntent,AR,1,1,0,0.0,True
430,legacyDistInvtSubmit,AR,666,343,0,0.0,True
605,legacyDistInvtVerify,AR,334,271,0,0.0,True
660,legacyDistInvtComplete,AR,253,252,0,0.0,True
590,legacyCustInvtView,AR,357,253,0,0.0,True
961,legacyCustInvtSubmit,AR,46,32,0,0.0,True
1024,legacyCustInvtVerify,AR,26,26,0,0.0,True
1034,legacyCustInvtComplete,AR,24,24,0,0.0,True
19,legacyMembInvtView,AR,14867,11702,0,0.0,True
252,legacyMembInvtIntent,AR,1660,1446,0,0.0,True
241,legacyMembInvtSubmit,AR,1726,1124,0,0.0,True
367,legacyMembInvtVerify,AR,890,863,0,0.0,True
378,legacyMembInvtComplete,AR,857,851,0,0.0,True
671,poCustColdView,AR,246,212,0,0.0,True
814,poCustColdComplete,AR,134,126,0,0.0,True
373,legacyDistColdView,AT,872,520,0,0.0,True
665,legacyDistColdIntent,AT,250,210,0,0.0,True
657,legacyDistColdSubmit,AT,258,155,0,0.0,True
767,legacyDistColdVerify,AT,156,144,0,0.0,True
753,legacyDistColdComplete,AT,166,163,0,0.0,True
271,legacyCustColdView,AT,1492,886,0,0.0,True
455,legacyCustColdSubmit,AT,601,423,0,0.0,True
618,legacyCustColdVerify,AT,318,289,0,0.0,True
613,legacyCustColdComplete,AT,321,299,0,0.0,True
1140,legacyMembColdView,AT,7,5,0,0.0,True
274,legacyDistInvtView,AT,1453,713,0,0.0,True
545,legacyDistInvtIntent,AT,407,306,0,0.0,True
520,legacyDistInvtSubmit,AT,435,207,0,0.0,True
744,legacyDistInvtVerify,AT,177,167,0,0.0,True
717,legacyDistInvtComplete,AT,201,198,0,0.0,True
296,legacyCustInvtView,AT,1257,808,0,0.0,True
522,legacyCustInvtSubmit,AT,433,297,0,0.0,True
562,legacyCustInvtVerify,AT,385,318,0,0.0,True
554,legacyCustInvtComplete,AT,397,323,0,0.0,True
316,legacyMembInvtView,AT,1113,646,0,0.0,True
608,legacyMembInvtIntent,AT,330,279,0,0.0,True
607,legacyMembInvtSubmit,AT,333,221,0,0.0,True
723,legacyMembInvtVerify,AT,196,186,0,0.0,True
749,legacyMembInvtComplete,AT,170,166,0,0.0,True
185,poCustColdView,AT,2481,2048,0,0.0,True
263,poCustColdComplete,AT,1608,1510,0,0.0,True
99,legacyDistColdView,AU,4593,2341,0,0.0,True
259,legacyDistColdIntent,AU,1639,1130,0,0.0,True
211,legacyDistColdSubmit,AU,2116,1152,0,0.0,True
312,legacyDistColdVerify,AU,1134,841,0,0.0,True
308,legacyDistColdComplete,AU,1174,933,0,0.0,True
307,legacyCustColdView,AU,1176,885,0,0.0,True
479,legacyCustColdSubmit,AU,530,386,0,0.0,True
732,legacyCustColdVerify,AU,189,182,0,0.0,True
733,legacyCustColdComplete,AU,188,187,0,0.0,True
516,legacyMembColdView,AU,443,279,0,0.0,True
718,legacyMembColdIntent,AU,201,160,0,0.0,True
696,legacyMembColdSubmit,AU,223,146,0,0.0,True
804,legacyMembColdVerify,AU,138,118,0,0.0,True
798,legacyMembColdComplete,AU,140,126,0,0.0,True
181,legacyDistInvtView,AU,2581,1419,0,0.0,True
428,legacyDistInvtIntent,AU,672,523,0,0.0,True
366,legacyDistInvtSubmit,AU,898,439,0,0.0,True
594,legacyDistInvtVerify,AU,354,333,0,0.0,True
566,legacyDistInvtComplete,AU,379,368,0,0.0,True
678,legacyCustInvtView,AU,238,159,0,0.0,True
922,legacyCustInvtSubmit,AU,63,44,0,0.0,True
986,legacyCustInvtVerify,AU,35,34,0,0.0,True
989,legacyCustInvtComplete,AU,34,34,0,0.0,True
425,legacyMembInvtView,AU,682,449,0,0.0,True
727,legacyMembInvtIntent,AU,193,157,0,0.0,True
684,legacyMembInvtSubmit,AU,234,134,0,0.0,True
828,legacyMembInvtVerify,AU,118,109,0,0.0,True
831,legacyMembInvtComplete,AU,114,109,0,0.0,True
216,poCustColdView,AU,2042,1598,0,0.0,True
724,poCustColdIntent,AU,196,192,0,0.0,True
288,poCustColdComplete,AU,1333,1195,0,0.0,True
363,legacyDistColdView,BE,903,522,0,0.0,True
691,legacyDistColdIntent,BE,227,182,0,0.0,True
626,legacyDistColdSubmit,BE,302,170,0,0.0,True
802,legacyDistColdVerify,BE,139,128,0,0.0,True
780,legacyDistColdComplete,BE,149,142,0,0.0,True
410,legacyCustColdView,BE,725,355,0,0.0,True
576,legacyCustColdSubmit,BE,371,183,0,0.0,True
947,legacyCustColdVerify,BE,53,51,0,0.0,True
932,legacyCustColdComplete,BE,58,57,0,0.0,True
1164,legacyMembColdView,BE,5,2,0,0.0,True
243,legacyDistInvtView,BE,1723,872,0,0.0,True
494,legacyDistInvtIntent,BE,497,387,0,0.0,True
473,legacyDistInvtSubmit,BE,550,303,0,0.0,True
658,legacyDistInvtVerify,BE,256,252,0,0.0,True
647,legacyDistInvtComplete,BE,268,268,0,0.0,True
629,legacyCustInvtView,BE,298,184,0,0.0,True
875,legacyCustInvtSubmit,BE,88,56,0,0.0,True
951,legacyCustInvtVerify,BE,51,49,0,0.0,True
960,legacyCustInvtComplete,BE,46,46,0,0.0,True
244,legacyMembInvtView,BE,1712,891,0,0.0,True
460,legacyMembInvtIntent,BE,590,467,0,0.0,True
449,legacyMembInvtSubmit,BE,626,355,0,0.0,True
612,legacyMembInvtVerify,BE,322,317,0,0.0,True
619,legacyMembInvtComplete,BE,318,316,0,0.0,True
340,poCustColdView,BE,1013,786,0,0.0,True
436,poCustColdComplete,BE,660,609,0,0.0,True
1274,simpDistColdView,BE,1,0,0,0.0,True
1272,simpDistColdIntent,BE,1,0,0,0.0,True
1270,simpDistColdFindAff,BE,1,0,0,0.0,True
1273,simpDistColdNextBttn,BE,1,0,0,0.0,True
792,legacyDistColdView,BN,142,89,0,0.0,True
950,legacyDistColdIntent,BN,52,43,0,0.0,True
954,legacyDistColdSubmit,BN,50,36,0,0.0,True
968,legacyDistColdVerify,BN,42,34,0,0.0,True
993,legacyDistColdComplete,BN,34,32,0,0.0,True
1093,legacyDistInvtView,BN,13,9,0,0.0,True
1188,legacyDistInvtIntent,BN,3,3,0,0.0,True
1190,legacyDistInvtSubmit,BN,3,1,0,0.0,True
1247,legacyDistInvtVerify,BN,1,1,0,0.0,True
1245,legacyDistInvtComplete,BN,1,1,0,0.0,True
946,simpDistColdView,BN,54,34,0,0.0,True
1019,simpDistColdIntent,BN,28,19,0,0.0,True
1008,simpDistColdFindAff,BN,31,16,0,0.0,True
1043,simpDistColdNextBttn,BN,23,16,0,0.0,True
1073,simpDistColdFormStart,BN,17,12,0,0.0,True
1129,simpDistColdComplete,BN,9,7,0,0.0,True
1229,simpDistInvtLanding,BN,2,2,0,0.0,True
1226,simpDistInvtAccept,BN,2,2,0,0.0,True
1200,simpDistInvtView,BN,3,3,0,0.0,True
1198,simpDistInvtIntent,BN,3,3,0,0.0,True
1231,simpDistInvtSubmit,BN,2,1,0,0.0,True
1275,simpDistInvtComplete,BN,1,1,0,0.0,True
1180,simpDistInvtError,BN,4,3,0,0.0,True
97,legacyDistColdView,CA,4632,2542,0,0.0,True
339,legacyDistColdIntent,CA,1013,779,0,0.0,True
281,legacyDistColdSubmit,CA,1401,669,0,0.0,True
477,legacyDistColdVerify,CA,532,380,0,0.0,True
555,legacyDistColdComplete,CA,396,394,0,0.0,True
172,legacyCustColdView,CA,2710,1752,0,0.0,True
303,legacyCustColdSubmit,CA,1194,789,0,0.0,True
561,legacyCustColdVerify,CA,386,363,0,0.0,True
553,legacyCustColdComplete,CA,399,383,0,0.0,True
52,legacyMembColdView,CA,7082,3093,0,0.0,True
94,legacyMembColdIntent,CA,4743,2448,0,0.0,True
80,legacyMembColdSubmit,CA,5418,2676,0,0.0,True
128,legacyMembColdVerify,CA,3644,2242,0,0.0,True
116,legacyMembColdComplete,CA,3938,2495,0,0.0,True
55,legacyDistInvtView,CA,6903,3393,0,0.0,True
254,legacyDistInvtIntent,CA,1652,1197,0,0.0,True
202,legacyDistInvtSubmit,CA,2264,894,0,0.0,True
349,legacyDistInvtVerify,CA,976,592,0,0.0,True
456,legacyDistInvtComplete,CA,600,599,0,0.0,True
310,legacyCustInvtView,CA,1167,660,0,0.0,True
632,legacyCustInvtSubmit,CA,293,162,0,0.0,True
811,legacyCustInvtVerify,CA,135,124,0,0.0,True
806,legacyCustInvtComplete,CA,137,128,0,0.0,True
56,legacyMembInvtView,CA,6880,3731,0,0.0,True
182,legacyMembInvtIntent,CA,2551,1792,0,0.0,True
159,legacyMembInvtSubmit,CA,2881,1638,0,0.0,True
246,legacyMembInvtVerify,CA,1695,1368,0,0.0,True
238,legacyMembInvtComplete,CA,1748,1460,0,0.0,True
122,poCustColdView,CA,3766,2829,0,0.0,True
667,poCustColdIntent,CA,250,225,0,0.0,True
169,poCustColdComplete,CA,2749,2280,0,0.0,True
1104,simpDistColdView,CA,12,2,0,0.0,True
1146,simpDistColdIntent,CA,7,1,0,0.0,True
1145,simpDistColdFindAff,CA,7,1,0,0.0,True
1158,simpDistColdNextBttn,CA,6,1,0,0.0,True
284,legacyDistColdView,CH,1357,823,0,0.0,True
578,legacyDistColdIntent,CH,366,311,0,0.0,True
568,legacyDistColdSubmit,CH,378,250,0,0.0,True
697,legacyDistColdVerify,CH,221,205,0,0.0,True
676,legacyDistColdComplete,CH,240,234,0,0.0,True
359,legacyCustColdView,CH,920,525,0,0.0,True
537,legacyCustColdSubmit,CH,415,246,0,0.0,True
871,legacyCustColdVerify,CH,89,82,0,0.0,True
879,legacyCustColdComplete,CH,86,81,0,0.0,True
268,legacyDistInvtView,CH,1548,934,0,0.0,True
559,legacyDistInvtIntent,CH,391,335,0,0.0,True
505,legacyDistInvtSubmit,CH,474,269,0,0.0,True
694,legacyDistInvtVerify,CH,225,222,0,0.0,True
673,legacyDistInvtComplete,CH,244,242,0,0.0,True
611,legacyCustInvtView,CH,323,226,0,0.0,True
867,legacyCustInvtSubmit,CH,90,57,0,0.0,True
929,legacyCustInvtVerify,CH,60,57,0,0.0,True
942,legacyCustInvtComplete,CH,56,53,0,0.0,True
497,legacyMembInvtView,CH,487,274,0,0.0,True
772,legacyMembInvtIntent,CH,153,134,0,0.0,True
738,legacyMembInvtSubmit,CH,181,99,0,0.0,True
865,legacyMembInvtVerify,CH,91,89,0,0.0,True
864,legacyMembInvtComplete,CH,91,89,0,0.0,True
275,poCustColdView,CH,1437,1161,0,0.0,True
350,poCustColdComplete,CH,960,898,0,0.0,True
20,legacyDistColdView,CL,14609,8406,0,0.0,True
65,legacyDistColdIntent,CL,6303,5045,0,0.0,True
67,legacyDistColdSubmit,CL,6268,4132,0,0.0,True
95,legacyDistColdVerify,CL,4719,3747,0,0.0,True
123,legacyDistColdComplete,CL,3762,3506,0,0.0,True
78,legacyCustColdView,CL,5450,3328,0,0.0,True
225,legacyCustColdSubmit,CL,1940,1443,0,0.0,True
277,legacyCustColdVerify,CL,1419,1177,0,0.0,True
314,legacyCustColdComplete,CL,1133,1069,0,0.0,True
14,legacyMembColdView,CL,17033,9650,0,0.0,True
33,legacyMembColdIntent,CL,9690,7645,0,0.0,True
36,legacyMembColdSubmit,CL,9291,6700,0,0.0,True
49,legacyMembColdVerify,CL,7808,6452,0,0.0,True
58,legacyMembColdComplete,CL,6680,6232,0,0.0,True
50,legacyDistInvtView,CL,7463,4429,0,0.0,True
196,legacyDistInvtIntent,CL,2326,1884,0,0.0,True
190,legacyDistInvtSubmit,CL,2389,1312,0,0.0,True
278,legacyDistInvtVerify,CL,1416,1128,0,0.0,True
330,legacyDistInvtComplete,CL,1051,1030,0,0.0,True
229,legacyCustInvtView,CL,1850,1274,0,0.0,True
574,legacyCustInvtSubmit,CL,373,276,0,0.0,True
636,legacyCustInvtVerify,CL,282,246,0,0.0,True
692,legacyCustInvtComplete,CL,226,218,0,0.0,True
18,legacyMembInvtView,CL,15384,10903,0,0.0,True
130,legacyMembInvtIntent,CL,3599,2985,0,0.0,True
124,legacyMembInvtSubmit,CL,3761,2508,0,0.0,True
178,legacyMembInvtVerify,CL,2649,2302,0,0.0,True
200,legacyMembInvtComplete,CL,2275,2150,0,0.0,True
47,poCustColdView,CL,8028,4912,0,0.0,True
195,poCustColdComplete,CL,2340,2226,0,0.0,True
27,legacyDistColdView,CO,11273,5647,0,0.0,True
106,legacyDistColdIntent,CO,4332,3320,0,0.0,True
92,legacyDistColdSubmit,CO,4861,3030,0,0.0,True
138,legacyDistColdVerify,CO,3276,2667,0,0.0,True
171,legacyDistColdComplete,CO,2725,2520,0,0.0,True
232,legacyCustColdView,CO,1816,852,0,0.0,True
409,legacyCustColdSubmit,CO,734,338,0,0.0,True
669,legacyCustColdVerify,CO,247,183,0,0.0,True
779,legacyCustColdComplete,CO,149,146,0,0.0,True
432,legacyMembColdView,CO,664,379,0,0.0,True
598,legacyMembColdIntent,CO,346,262,0,0.0,True
638,legacyMembColdSubmit,CO,281,220,0,0.0,True
639,legacyMembColdVerify,CO,281,236,0,0.0,True
635,legacyMembColdComplete,CO,283,254,0,0.0,True
38,legacyDistInvtView,CO,9165,4675,0,0.0,True
228,legacyDistInvtIntent,CO,1887,1380,0,0.0,True
153,legacyDistInvtSubmit,CO,2973,1056,0,0.0,True
384,legacyDistInvtVerify,CO,837,717,0,0.0,True
416,legacyDistInvtComplete,CO,715,682,0,0.0,True
375,legacyCustInvtView,CO,870,655,0,0.0,True
858,legacyCustInvtSubmit,CO,95,49,0,0.0,True
965,legacyCustInvtVerify,CO,43,34,0,0.0,True
1001,legacyCustInvtComplete,CO,32,32,0,0.0,True
127,legacyMembInvtView,CO,3672,2558,0,0.0,True
501,legacyMembInvtIntent,CO,478,399,0,0.0,True
423,legacyMembInvtSubmit,CO,698,304,0,0.0,True
687,legacyMembInvtVerify,CO,232,194,0,0.0,True
737,legacyMembInvtComplete,CO,183,176,0,0.0,True
204,poCustColdView,CO,2211,1425,0,0.0,True
487,poCustColdComplete,CO,516,501,0,0.0,True
332,legacyDistColdView,CZ,1044,634,0,0.0,True
674,legacyDistColdIntent,CZ,242,187,0,0.0,True
663,legacyDistColdSubmit,CZ,251,161,0,0.0,True
762,legacyDistColdVerify,CZ,161,124,0,0.0,True
822,legacyDistColdComplete,CZ,126,121,0,0.0,True
424,legacyCustColdView,CZ,690,419,0,0.0,True
701,legacyCustColdSubmit,CZ,219,121,0,0.0,True
908,legacyCustColdVerify,CZ,72,55,0,0.0,True
958,legacyCustColdComplete,CZ,48,48,0,0.0,True
934,legacyMembColdView,CZ,58,31,0,0.0,True
1095,legacyMembColdIntent,CZ,13,9,0,0.0,True
1102,legacyMembColdSubmit,CZ,12,6,0,0.0,True
1127,legacyMembColdVerify,CZ,9,5,0,0.0,True
1172,legacyMembColdComplete,CZ,4,3,0,0.0,True
179,legacyDistInvtView,CZ,2612,1444,0,0.0,True
415,legacyDistInvtIntent,CZ,716,565,0,0.0,True
419,legacyDistInvtSubmit,CZ,707,399,0,0.0,True
552,legacyDistInvtVerify,CZ,400,338,0,0.0,True
599,legacyDistInvtComplete,CZ,345,343,0,0.0,True
721,legacyCustInvtView,CZ,198,141,0,0.0,True
992,legacyCustInvtSubmit,CZ,34,19,0,0.0,True
1063,legacyCustInvtVerify,CZ,19,15,0,0.0,True
1080,legacyCustInvtComplete,CZ,15,15,0,0.0,True
160,legacyMembInvtView,CZ,2856,1748,0,0.0,True
392,legacyMembInvtIntent,CZ,814,688,0,0.0,True
391,legacyMembInvtSubmit,CZ,815,545,0,0.0,True
462,legacyMembInvtVerify,CZ,584,504,0,0.0,True
499,legacyMembInvtComplete,CZ,486,464,0,0.0,True
698,poCustColdView,CZ,221,175,0,0.0,True
803,poCustColdComplete,CZ,139,121,0,0.0,True
1236,Customer,CZ,1,1,0,0.0,False
101,legacyDistColdView,DE,4529,2696,0,0.0,True
342,legacyDistColdIntent,DE,1007,790,0,0.0,True
319,legacyDistColdSubmit,DE,1106,640,0,0.0,True
434,legacyDistColdVerify,DE,662,498,0,0.0,True
465,legacyDistColdComplete,DE,574,550,0,0.0,True
135,legacyCustColdView,DE,3399,2020,0,0.0,True
301,legacyCustColdSubmit,DE,1219,770,0,0.0,True
526,legacyCustColdVerify,DE,429,364,0,0.0,True
563,legacyCustColdComplete,DE,383,339,0,0.0,True
722,legacyMembColdView,DE,197,113,0,0.0,True
995,legacyMembColdIntent,DE,34,24,0,0.0,True
1026,legacyMembColdSubmit,DE,26,15,0,0.0,True
1107,legacyMembColdVerify,DE,11,9,0,0.0,True
1132,legacyMembColdComplete,DE,8,7,0,0.0,True
74,legacyDistInvtView,DE,5827,2938,0,0.0,True
262,legacyDistInvtIntent,DE,1608,1200,0,0.0,True
260,legacyDistInvtSubmit,DE,1634,865,0,0.0,True
387,legacyDistInvtVerify,DE,826,692,0,0.0,True
406,legacyDistInvtComplete,DE,746,729,0,0.0,True
198,legacyCustInvtView,DE,2294,1437,0,0.0,True
427,legacyCustInvtSubmit,DE,674,453,0,0.0,True
504,legacyCustInvtVerify,DE,475,436,0,0.0,True
527,legacyCustInvtComplete,DE,426,393,0,0.0,True
168,legacyMembInvtView,DE,2761,1585,0,0.0,True
403,legacyMembInvtIntent,DE,761,635,0,0.0,True
405,legacyMembInvtSubmit,DE,752,456,0,0.0,True
546,legacyMembInvtVerify,DE,407,398,0,0.0,True
570,legacyMembInvtComplete,DE,375,371,0,0.0,True
45,poCustColdView,DE,8179,6579,0,0.0,True
89,poCustColdComplete,DE,5003,4789,0,0.0,True
602,legacyDistColdView,DK,341,230,0,0.0,True
927,legacyDistColdIntent,DK,61,51,0,0.0,True
916,legacyDistColdSubmit,DK,69,42,0,0.0,True
1017,legacyDistColdVerify,DK,28,26,0,0.0,True
1030,legacyDistColdComplete,DK,25,25,0,0.0,True
530,legacyCustColdView,DK,419,234,0,0.0,True
757,legacyCustColdSubmit,DK,163,97,0,0.0,True
1047,legacyCustColdVerify,DK,21,21,0,0.0,True
1061,legacyCustColdComplete,DK,19,19,0,0.0,True
245,legacyDistInvtView,DK,1699,951,0,0.0,True
453,legacyDistInvtIntent,DK,617,476,0,0.0,True
472,legacyDistInvtSubmit,DK,551,347,0,0.0,True
600,legacyDistInvtVerify,DK,344,312,0,0.0,True
593,legacyDistInvtComplete,DK,354,333,0,0.0,True
764,legacyCustInvtView,DK,157,109,0,0.0,True
1002,legacyCustInvtSubmit,DK,32,24,0,0.0,True
1035,legacyCustInvtVerify,DK,24,24,0,0.0,True
1052,legacyCustInvtComplete,DK,20,20,0,0.0,True
156,legacyMembInvtView,DK,2905,1705,0,0.0,True
313,legacyMembInvtIntent,DK,1134,934,0,0.0,True
348,legacyMembInvtSubmit,DK,977,663,0,0.0,True
407,legacyMembInvtVerify,DK,745,687,0,0.0,True
429,legacyMembInvtComplete,DK,670,625,0,0.0,True
731,poCustColdView,DK,190,148,0,0.0,True
830,poCustColdComplete,DK,116,101,0,0.0,True
131,legacyDistColdView,ES,3577,2259,0,0.0,True
385,legacyDistColdIntent,ES,830,704,0,0.0,True
357,legacyDistColdSubmit,ES,932,615,0,0.0,True
464,legacyDistColdVerify,ES,577,500,0,0.0,True
478,legacyDistColdComplete,ES,531,511,0,0.0,True
167,legacyCustColdView,ES,2765,1787,0,0.0,True
335,legacyCustColdSubmit,ES,1030,727,0,0.0,True
677,legacyCustColdVerify,ES,239,234,0,0.0,True
685,legacyCustColdComplete,ES,233,229,0,0.0,True
735,legacyMembColdView,ES,185,127,0,0.0,True
1116,legacyMembColdIntent,ES,10,10,0,0.0,True
1056,legacyMembColdSubmit,ES,20,10,0,0.0,True
1254,legacyMembColdVerify,ES,1,1,0,0.0,True
1249,legacyMembColdComplete,ES,1,1,0,0.0,True
51,legacyDistInvtView,ES,7206,4264,0,0.0,True
250,legacyDistInvtIntent,ES,1681,1380,0,0.0,True
227,legacyDistInvtSubmit,ES,1893,1100,0,0.0,True
341,legacyDistInvtVerify,ES,1012,927,0,0.0,True
360,legacyDistInvtComplete,ES,919,908,0,0.0,True
140,legacyCustInvtView,ES,3246,2219,0,0.0,True
471,legacyCustInvtSubmit,ES,559,376,0,0.0,True
627,legacyCustInvtVerify,ES,301,283,0,0.0,True
631,legacyCustInvtComplete,ES,294,281,0,0.0,True
189,legacyMembInvtView,ES,2394,1650,0,0.0,True
492,legacyMembInvtIntent,ES,509,441,0,0.0,True
490,legacyMembInvtSubmit,ES,510,353,0,0.0,True
624,legacyMembInvtVerify,ES,307,296,0,0.0,True
630,legacyMembInvtComplete,ES,295,290,0,0.0,True
28,poCustColdView,ES,10745,9260,0,0.0,True
70,poCustColdComplete,ES,5981,5795,0,0.0,True
654,legacyDistColdView,FI,260,183,0,0.0,True
945,legacyDistColdIntent,FI,55,49,0,0.0,True
920,legacyDistColdSubmit,FI,64,37,0,0.0,True
984,legacyDistColdVerify,FI,36,35,0,0.0,True
975,legacyDistColdComplete,FI,38,37,0,0.0,True
615,legacyCustColdView,FI,320,180,0,0.0,True
742,legacyCustColdSubmit,FI,178,92,0,0.0,True
1044,legacyCustColdVerify,FI,22,22,0,0.0,True
1039,legacyCustColdComplete,FI,23,23,0,0.0,True
1216,legacyMembColdView,FI,2,0,0,0.0,True
1251,legacyMembColdIntent,FI,1,0,0,0.0,True
1253,legacyMembColdSubmit,FI,1,1,0,0.0,True
364,legacyDistInvtView,FI,901,492,0,0.0,True
689,legacyDistInvtIntent,FI,228,193,0,0.0,True
604,legacyDistInvtSubmit,FI,336,159,0,0.0,True
797,legacyDistInvtVerify,FI,140,138,0,0.0,True
777,legacyDistInvtComplete,FI,151,150,0,0.0,True
943,legacyCustInvtView,FI,56,40,0,0.0,True
1048,legacyCustInvtSubmit,FI,21,10,0,0.0,True
1123,legacyCustInvtVerify,FI,9,9,0,0.0,True
1122,legacyCustInvtComplete,FI,9,9,0,0.0,True
437,legacyMembInvtView,FI,659,345,0,0.0,True
705,legacyMembInvtIntent,FI,216,188,0,0.0,True
609,legacyMembInvtSubmit,FI,327,165,0,0.0,True
775,legacyMembInvtVerify,FI,152,151,0,0.0,True
771,legacyMembInvtComplete,FI,155,154,0,0.0,True
693,poCustColdView,FI,226,194,0,0.0,True
761,poCustColdComplete,FI,162,152,0,0.0,True
100,legacyDistColdView,FR,4537,2760,0,0.0,True
365,legacyDistColdIntent,FR,899,742,0,0.0,True
317,legacyDistColdSubmit,FR,1110,592,0,0.0,True
468,legacyDistColdVerify,FR,562,468,0,0.0,True
493,legacyDistColdComplete,FR,497,490,0,0.0,True
112,legacyCustColdView,FR,4161,2772,0,0.0,True
269,legacyCustColdSubmit,FR,1503,1101,0,0.0,True
480,legacyCustColdVerify,FR,530,509,0,0.0,True
474,legacyCustColdComplete,FR,548,534,0,0.0,True
1067,legacyMembColdView,FR,18,8,0,0.0,True
1211,legacyMembColdIntent,FR,2,0,0,0.0,True
1255,legacyMembColdVerify,FR,1,1,0,0.0,True
1208,legacyMembColdComplete,FR,2,2,0,0.0,True
68,legacyDistInvtView,FR,6234,3590,0,0.0,True
267,legacyDistInvtIntent,FR,1562,1218,0,0.0,True
261,legacyDistInvtSubmit,FR,1611,837,0,0.0,True
397,legacyDistInvtVerify,FR,799,688,0,0.0,True
413,legacyDistInvtComplete,FR,718,714,0,0.0,True
113,legacyCustInvtView,FR,4132,2817,0,0.0,True
322,legacyCustInvtSubmit,FR,1094,780,0,0.0,True
408,legacyCustInvtVerify,FR,741,709,0,0.0,True
402,legacyCustInvtComplete,FR,761,735,0,0.0,True
111,legacyMembInvtView,FR,4177,2537,0,0.0,True
273,legacyMembInvtIntent,FR,1462,1246,0,0.0,True
292,legacyMembInvtSubmit,FR,1292,936,0,0.0,True
353,legacyMembInvtVerify,FR,939,911,0,0.0,True
354,legacyMembInvtComplete,FR,935,921,0,0.0,True
31,poCustColdView,FR,10330,8572,0,0.0,True
59,poCustColdComplete,FR,6556,6181,0,0.0,True
1237,Customer,FR,1,1,0,0.0,False
16,legacyDistColdView,GB,15925,9853,0,0.0,True
88,legacyDistColdIntent,GB,5034,4118,0,0.0,True
96,legacyDistColdSubmit,GB,4675,3038,0,0.0,True
136,legacyDistColdVerify,GB,3297,2983,0,0.0,True
134,legacyDistColdComplete,GB,3491,3224,0,0.0,True
64,legacyCustColdView,GB,6311,3920,0,0.0,True
166,legacyCustColdSubmit,GB,2786,1581,0,0.0,True
491,legacyCustColdVerify,GB,509,505,0,0.0,True
512,legacyCustColdComplete,GB,454,453,0,0.0,True
787,legacyMembColdView,GB,145,98,0,0.0,True
1064,legacyMembColdIntent,GB,19,17,0,0.0,True
1071,legacyMembColdSubmit,GB,17,12,0,0.0,True
1128,legacyMembColdVerify,GB,9,9,0,0.0,True
1163,legacyMembColdComplete,GB,5,5,0,0.0,True
25,legacyDistInvtView,GB,13135,6670,0,0.0,True
121,legacyDistInvtIntent,GB,3826,2968,0,0.0,True
98,legacyDistInvtSubmit,GB,4617,2280,0,0.0,True
212,legacyDistInvtVerify,GB,2103,1983,0,0.0,True
206,legacyDistInvtComplete,GB,2190,2126,0,0.0,True
396,legacyCustInvtView,GB,804,504,0,0.0,True
715,legacyCustInvtSubmit,GB,205,101,0,0.0,True
862,legacyCustInvtVerify,GB,92,92,0,0.0,True
898,legacyCustInvtComplete,GB,79,79,0,0.0,True
192,legacyMembInvtView,GB,2369,1259,0,0.0,True
404,legacyMembInvtIntent,GB,761,622,0,0.0,True
372,legacyMembInvtSubmit,GB,873,469,0,0.0,True
509,legacyMembInvtVerify,GB,462,446,0,0.0,True
529,legacyMembInvtComplete,GB,420,416,0,0.0,True
4,poCustColdView,GB,31184,27000,0,0.0,True
9,poCustColdComplete,GB,21924,20683,0,0.0,True
1196,simpCustColdView,GB,3,2,0,0.0,True
1264,simpCustColdIntent,GB,1,1,0,0.0,True
158,legacyDistColdView,HK,2885,1634,0,0.0,True
444,legacyDistColdIntent,HK,639,528,0,0.0,True
420,legacyDistColdSubmit,HK,704,398,0,0.0,True
506,legacyDistColdVerify,HK,465,390,0,0.0,True
560,legacyDistColdComplete,HK,389,382,0,0.0,True
237,legacyDistInvtView,HK,1763,1102,0,0.0,True
644,legacyDistInvtIntent,HK,274,230,0,0.0,True
623,legacyDistInvtSubmit,HK,309,148,0,0.0,True
786,legacyDistInvtVerify,HK,145,132,0,0.0,True
808,legacyDistInvtComplete,HK,137,136,0,0.0,True
773,poCustColdView,HK,153,134,0,0.0,True
895,poCustColdComplete,HK,81,79,0,0.0,True
215,progDistColdView,HK,2045,1480,0,0.0,True
306,progDistColdIntent,HK,1192,871,0,0.0,True
345,progDistColdComplete,HK,990,771,0,0.0,True
1260,progCustColdView,HK,1,1,0,0.0,True
401,progMembInvtView,HK,762,583,0,0.0,True
1144,progMembInvtIntent,HK,7,6,0,0.0,True
741,progMembInvtComplete,HK,179,156,0,0.0,True
208,legacyDistColdView,HU,2184,1256,0,0.0,True
442,legacyDistColdIntent,HU,642,530,0,0.0,True
435,legacyDistColdSubmit,HU,661,413,0,0.0,True
591,legacyDistColdVerify,HU,356,323,0,0.0,True
603,legacyDistColdComplete,HU,337,330,0,0.0,True
399,legacyCustColdView,HU,775,539,0,0.0,True
690,legacyCustColdSubmit,HU,227,158,0,0.0,True
915,legacyCustColdVerify,HU,69,69,0,0.0,True
924,legacyCustColdComplete,HU,62,62,0,0.0,True
746,legacyMembColdView,HU,175,87,0,0.0,True
974,legacyMembColdIntent,HU,39,28,0,0.0,True
988,legacyMembColdSubmit,HU,35,22,0,0.0,True
1085,legacyMembColdVerify,HU,14,11,0,0.0,True
1094,legacyMembColdComplete,HU,13,11,0,0.0,True
53,legacyDistInvtView,HU,7050,3607,0,0.0,True
184,legacyDistInvtIntent,HU,2496,1888,0,0.0,True
194,legacyDistInvtSubmit,HU,2362,1290,0,0.0,True
311,legacyDistInvtVerify,HU,1138,1046,0,0.0,True
337,legacyDistInvtComplete,HU,1024,1020,0,0.0,True
719,legacyCustInvtView,HU,200,136,0,0.0,True
959,legacyCustInvtSubmit,HU,47,42,0,0.0,True
983,legacyCustInvtVerify,HU,36,36,0,0.0,True
990,legacyCustInvtComplete,HU,34,34,0,0.0,True
266,legacyMembInvtView,HU,1567,888,0,0.0,True
463,legacyMembInvtIntent,HU,583,479,0,0.0,True
458,legacyMembInvtSubmit,HU,591,395,0,0.0,True
573,legacyMembInvtVerify,HU,374,351,0,0.0,True
579,legacyMembInvtComplete,HU,365,354,0,0.0,True
297,poCustColdView,HU,1235,967,0,0.0,True
374,poCustColdComplete,HU,872,787,0,0.0,True
2,legacyDistColdView,ID,32824,16668,0,0.0,True
13,legacyDistColdIntent,ID,18179,12908,0,0.0,True
12,legacyDistColdSubmit,ID,18248,12210,0,0.0,True
17,legacyDistColdVerify,ID,15399,11860,0,0.0,True
22,legacyDistColdComplete,ID,13613,11940,0,0.0,True
304,legacyDistInvtView,ID,1193,706,0,0.0,True
617,legacyDistInvtIntent,ID,319,237,0,0.0,True
584,legacyDistInvtSubmit,ID,361,191,0,0.0,True
695,legacyDistInvtVerify,ID,223,167,0,0.0,True
736,legacyDistInvtComplete,ID,183,164,0,0.0,True
146,simpDistColdView,ID,3111,2141,0,0.0,True
214,simpDistColdIntent,ID,2049,1526,0,0.0,True
210,simpDistColdFindAff,ID,2129,1379,0,0.0,True
234,simpDistColdNextBttn,ID,1795,1350,0,0.0,True
251,simpDistColdFormStart,ID,1675,1256,0,0.0,True
300,simpDistColdComplete,ID,1224,991,0,0.0,True
1230,simpDistInvtLanding,ID,2,1,0,0.0,True
1227,simpDistInvtAccept,ID,2,1,0,0.0,True
1201,simpDistInvtView,ID,3,1,0,0.0,True
1276,simpDistInvtIntent,ID,1,1,0,0.0,True
1232,simpDistInvtSubmit,ID,2,1,0,0.0,True
486,simpDistInvtError,ID,517,209,0,0.0,True
1261,progDistColdComplete,ID,1,1,0,0.0,True
475,legacyDistColdView,IE,539,297,0,0.0,True
781,legacyDistColdIntent,IE,147,114,0,0.0,True
766,legacyDistColdSubmit,IE,156,93,0,0.0,True
899,legacyDistColdVerify,IE,79,76,0,0.0,True
885,legacyDistColdComplete,IE,84,84,0,0.0,True
653,legacyCustColdView,IE,261,130,0,0.0,True
812,legacyCustColdSubmit,IE,134,59,0,0.0,True
1016,legacyCustColdVerify,IE,28,26,0,0.0,True
1046,legacyCustColdComplete,IE,21,21,0,0.0,True
377,legacyDistInvtView,IE,862,430,0,0.0,True
652,legacyDistInvtIntent,IE,263,197,0,0.0,True
625,legacyDistInvtSubmit,IE,304,159,0,0.0,True
813,legacyDistInvtVerify,IE,134,128,0,0.0,True
796,legacyDistInvtComplete,IE,140,136,0,0.0,True
1049,legacyCustInvtView,IE,21,16,0,0.0,True
1170,legacyCustInvtSubmit,IE,4,2,0,0.0,True
1243,legacyCustInvtVerify,IE,1,1,0,0.0,True
1205,legacyCustInvtComplete,IE,2,2,0,0.0,True
610,legacyMembInvtView,IE,326,174,0,0.0,True
845,legacyMembInvtIntent,IE,101,75,0,0.0,True
835,legacyMembInvtSubmit,IE,111,60,0,0.0,True
935,legacyMembInvtVerify,IE,58,57,0,0.0,True
949,legacyMembInvtComplete,IE,53,52,0,0.0,True
489,poCustColdView,IE,513,413,0,0.0,True
596,poCustColdComplete,IE,350,331,0,0.0,True
640,legacyDistColdView,IL,280,144,0,0.0,True
976,legacyDistColdIntent,IL,38,29,0,0.0,True
921,legacyDistColdSubmit,IL,64,29,0,0.0,True
1055,legacyDistColdVerify,IL,20,14,0,0.0,True
1114,legacyDistColdComplete,IL,10,10,0,0.0,True
643,legacyCustColdView,IL,274,108,0,0.0,True
821,legacyCustColdSubmit,IL,126,39,0,0.0,True
1120,legacyCustColdVerify,IL,9,9,0,0.0,True
1130,legacyCustColdComplete,IL,8,8,0,0.0,True
616,legacyDistInvtView,IL,320,150,0,0.0,True
944,legacyDistInvtIntent,IL,56,43,0,0.0,True
856,legacyDistInvtSubmit,IL,97,33,0,0.0,True
1012,legacyDistInvtVerify,IL,30,25,0,0.0,True
1045,legacyDistInvtComplete,IL,22,22,0,0.0,True
917,legacyCustInvtView,IL,68,37,0,0.0,True
1023,legacyCustInvtSubmit,IL,26,9,0,0.0,True
1161,legacyCustInvtVerify,IL,5,5,0,0.0,True
1150,legacyCustInvtComplete,IL,6,6,0,0.0,True
886,legacyMembInvtView,IL,84,36,0,0.0,True
1068,legacyMembInvtIntent,IL,18,15,0,0.0,True
999,legacyMembInvtSubmit,IL,33,17,0,0.0,True
1098,legacyMembInvtVerify,IL,13,9,0,0.0,True
1141,legacyMembInvtComplete,IL,7,7,0,0.0,True
866,poCustColdView,IL,91,75,0,0.0,True
930,poCustColdComplete,IL,60,56,0,0.0,True
855,legacyDistColdView,IS,97,64,0,0.0,True
987,legacyDistColdIntent,IS,35,31,0,0.0,True
1036,legacyDistColdSubmit,IS,24,19,0,0.0,True
1031,legacyDistColdVerify,IS,25,24,0,0.0,True
1025,legacyDistColdComplete,IS,26,26,0,0.0,True
937,legacyCustColdView,IS,57,42,0,0.0,True
1062,legacyCustColdSubmit,IS,19,14,0,0.0,True
1137,legacyCustColdVerify,IS,7,7,0,0.0,True
1149,legacyCustColdComplete,IS,6,6,0,0.0,True
844,legacyMembColdView,IS,102,70,0,0.0,True
1096,legacyMembColdIntent,IS,13,11,0,0.0,True
1194,legacyMembColdSubmit,IS,3,2,0,0.0,True
547,legacyDistInvtView,IS,404,256,0,0.0,True
782,legacyDistInvtIntent,IS,147,121,0,0.0,True
817,legacyDistInvtSubmit,IS,130,89,0,0.0,True
873,legacyDistInvtVerify,IS,89,83,0,0.0,True
859,legacyDistInvtComplete,IS,95,91,0,0.0,True
1084,legacyCustInvtView,IS,14,7,0,0.0,True
1206,legacyCustInvtSubmit,IS,2,2,0,0.0,True
1238,legacyCustInvtComplete,IS,1,1,0,0.0,True
903,legacyMembInvtView,IS,75,35,0,0.0,True
1057,legacyMembInvtIntent,IS,20,16,0,0.0,True
1058,legacyMembInvtSubmit,IS,20,15,0,0.0,True
1103,legacyMembInvtVerify,IS,12,12,0,0.0,True
1133,legacyMembInvtComplete,IS,8,8,0,0.0,True
842,poCustColdView,IS,103,95,0,0.0,True
906,poCustColdComplete,IS,74,72,0,0.0,True
286,legacyDistColdView,IT,1344,714,0,0.0,True
582,legacyDistColdIntent,IT,361,260,0,0.0,True
597,legacyDistColdSubmit,IT,349,195,0,0.0,True
716,legacyDistColdVerify,IT,204,151,0,0.0,True
759,legacyDistColdComplete,IT,162,159,0,0.0,True
451,legacyCustColdView,IT,621,378,0,0.0,True
720,legacyCustColdSubmit,IT,199,118,0,0.0,True
925,legacyCustColdVerify,IT,62,59,0,0.0,True
914,legacyCustColdComplete,IT,70,65,0,0.0,True
1087,legacyMembColdView,IT,14,8,0,0.0,True
1252,legacyMembColdIntent,IT,1,1,0,0.0,True
1213,legacyMembColdSubmit,IT,2,2,0,0.0,True
240,legacyDistInvtView,IT,1742,987,0,0.0,True
519,legacyDistInvtIntent,IT,438,328,0,0.0,True
551,legacyDistInvtSubmit,IT,400,208,0,0.0,True
713,legacyDistInvtVerify,IT,207,185,0,0.0,True
725,legacyDistInvtComplete,IT,194,193,0,0.0,True
567,legacyCustInvtView,IT,378,237,0,0.0,True
909,legacyCustInvtSubmit,IT,72,47,0,0.0,True
1003,legacyCustInvtVerify,IT,32,31,0,0.0,True
991,legacyCustInvtComplete,IT,34,34,0,0.0,True
418,legacyMembInvtView,IT,711,385,0,0.0,True
754,legacyMembInvtIntent,IT,166,140,0,0.0,True
740,legacyMembInvtSubmit,IT,179,109,0,0.0,True
851,legacyMembInvtVerify,IT,99,98,0,0.0,True
857,legacyMembInvtComplete,IT,96,96,0,0.0,True
329,poCustColdView,IT,1061,809,0,0.0,True
445,poCustColdComplete,IT,638,563,0,0.0,True
8,legacyMembColdView,JP,22614,12656,0,0.0,True
44,legacyMembColdIntent,JP,8316,7236,0,0.0,True
62,legacyMembColdSubmit,JP,6445,4373,0,0.0,True
85,legacyMembColdComplete,JP,5182,5123,0,0.0,True
745,legacyDistColdView,LU,175,118,0,0.0,True
980,legacyDistColdIntent,LU,37,26,0,0.0,True
977,legacyDistColdSubmit,LU,38,26,0,0.0,True
1042,legacyDistColdVerify,LU,23,20,0,0.0,True
1041,legacyDistColdComplete,LU,23,22,0,0.0,True
711,legacyCustColdView,LU,207,132,0,0.0,True
863,legacyCustColdSubmit,LU,91,60,0,0.0,True
1079,legacyCustColdVerify,LU,15,13,0,0.0,True
1089,legacyCustColdComplete,LU,13,13,0,0.0,True
1257,legacyMembColdView,LU,1,1,0,0.0,True
595,legacyDistInvtView,LU,353,202,0,0.0,True
832,legacyDistInvtIntent,LU,112,90,0,0.0,True
841,legacyDistInvtSubmit,LU,104,70,0,0.0,True
933,legacyDistInvtVerify,LU,58,57,0,0.0,True
918,legacyDistInvtComplete,LU,66,65,0,0.0,True
854,legacyCustInvtView,LU,97,73,0,0.0,True
1081,legacyCustInvtSubmit,LU,15,11,0,0.0,True
1124,legacyCustInvtVerify,LU,9,9,0,0.0,True
1151,legacyCustInvtComplete,LU,6,6,0,0.0,True
532,legacyMembInvtView,LU,418,235,0,0.0,True
793,legacyMembInvtIntent,LU,142,113,0,0.0,True
824,legacyMembInvtSubmit,LU,122,85,0,0.0,True
876,legacyMembInvtVerify,LU,88,84,0,0.0,True
901,legacyMembInvtComplete,LU,77,75,0,0.0,True
702,poCustColdView,LU,219,165,0,0.0,True
791,poCustColdComplete,LU,143,123,0,0.0,True
11,legacyDistColdView,MX,18758,9730,0,0.0,True
81,legacyDistColdIntent,MX,5380,4029,0,0.0,True
84,legacyDistColdSubmit,MX,5326,3227,0,0.0,True
180,legacyDistColdVerify,MX,2606,2352,0,0.0,True
176,legacyDistColdComplete,MX,2669,2593,0,0.0,True
257,legacyCustColdView,MX,1642,1162,0,0.0,True
535,legacyCustColdSubmit,MX,416,330,0,0.0,True
670,legacyCustColdVerify,MX,246,229,0,0.0,True
661,legacyCustColdComplete,MX,252,249,0,0.0,True
63,legacyMembColdView,MX,6342,3535,0,0.0,True
183,legacyMembColdIntent,MX,2523,1984,0,0.0,True
199,legacyMembColdSubmit,MX,2275,1541,0,0.0,True
265,legacyMembColdVerify,MX,1572,1458,0,0.0,True
256,legacyMembColdComplete,MX,1644,1553,0,0.0,True
151,legacyDistInvtView,MX,3044,1814,0,0.0,True
421,legacyDistInvtIntent,MX,704,567,0,0.0,True
446,legacyDistInvtSubmit,MX,636,364,0,0.0,True
634,legacyDistInvtVerify,MX,285,254,0,0.0,True
637,legacyDistInvtComplete,MX,282,278,0,0.0,True
586,legacyCustInvtView,MX,359,292,0,0.0,True
997,legacyCustInvtSubmit,MX,33,26,0,0.0,True
1054,legacyCustInvtVerify,MX,20,20,0,0.0,True
1040,legacyCustInvtComplete,MX,23,23,0,0.0,True
186,legacyMembInvtView,MX,2459,1607,0,0.0,True
488,legacyMembInvtIntent,MX,513,396,0,0.0,True
508,legacyMembInvtSubmit,MX,462,283,0,0.0,True
679,legacyMembInvtVerify,MX,238,207,0,0.0,True
622,legacyMembInvtComplete,MX,311,264,0,0.0,True
104,poCustColdView,MX,4407,3527,0,0.0,True
191,poCustColdComplete,MX,2373,2184,0,0.0,True
76,simpDistColdView,MX,5776,3996,0,0.0,True
139,simpDistColdIntent,MX,3256,2577,0,0.0,True
132,simpDistColdFindAff,MX,3560,2223,0,0.0,True
177,simpDistColdNextBttn,MX,2656,2164,0,0.0,True
103,simpDistColdFormStart,MX,4454,3540,0,0.0,True
197,simpDistColdComplete,MX,2306,2219,0,0.0,True
205,simpCustColdView,MX,2207,1480,0,0.0,True
503,simpCustColdIntent,MX,477,408,0,0.0,True
572,simpCustColdFindAff,MX,375,257,0,0.0,True
648,simpCustColdNextBttn,MX,268,232,0,0.0,True
362,simpCustColdFormStart,MX,916,827,0,0.0,True
783,simpCustColdContactMe,MX,147,147,0,0.0,True
461,simpCustColdComplete,MX,586,577,0,0.0,True
1181,simpMembColdView,MX,4,3,0,0.0,True
1203,simpMembColdIntent,MX,3,2,0,0.0,True
1202,simpMembColdFindAff,MX,3,2,0,0.0,True
1204,simpMembColdNextBttn,MX,3,2,0,0.0,True
236,simpMembColdFormStart,MX,1770,1440,0,0.0,True
324,simpMembColdComplete,MX,1080,1023,0,0.0,True
83,simpDistInvtLanding,MX,5337,3411,0,0.0,True
152,simpDistInvtAccept,MX,3008,2314,0,0.0,True
1051,simpDistInvtView,MX,21,15,0,0.0,True
1099,simpDistInvtIntent,MX,13,10,0,0.0,True
1148,simpDistInvtSubmit,MX,7,5,0,0.0,True
1179,simpDistInvtComplete,MX,4,4,0,0.0,True
388,simpDistInvtError,MX,825,355,0,0.0,True
298,simpCustInvtLanding,MX,1235,916,0,0.0,True
454,simpCustInvtAccept,MX,613,529,0,0.0,True
1223,simpCustInvtView,MX,2,2,0,0.0,True
1221,simpCustInvtIntent,MX,2,2,0,0.0,True
1268,simpCustInvtSubmit,MX,1,1,0,0.0,True
1267,simpCustInvtComplete,MX,1,1,0,0.0,True
672,simpCustInvtError,MX,245,91,0,0.0,True
75,simpMembInvtLanding,MX,5810,3952,0,0.0,True
144,simpMembInvtAccept,MX,3178,2518,0,0.0,True
536,simpMembInvtError,MX,416,203,0,0.0,True
40,legacyDistColdView,MY,8410,4451,0,0.0,True
115,legacyDistColdIntent,MY,3973,3000,0,0.0,True
114,legacyDistColdSubmit,MY,3985,2664,0,0.0,True
137,legacyDistColdVerify,MY,3278,2656,0,0.0,True
162,legacyDistColdComplete,MY,2843,2551,0,0.0,True
213,legacyDistInvtView,MY,2096,1166,0,0.0,True
548,legacyDistInvtIntent,MY,403,318,0,0.0,True
438,legacyDistInvtSubmit,MY,657,273,0,0.0,True
668,legacyDistInvtVerify,MY,249,201,0,0.0,True
728,legacyDistInvtComplete,MY,192,184,0,0.0,True
217,simpDistColdView,MY,2014,1391,0,0.0,True
282,simpDistColdIntent,MY,1381,1045,0,0.0,True
272,simpDistColdFindAff,MY,1481,968,0,0.0,True
299,simpDistColdNextBttn,MY,1227,942,0,0.0,True
323,simpDistColdFormStart,MY,1093,845,0,0.0,True
393,simpDistColdComplete,MY,814,652,0,0.0,True
649,simpDistInvtError,MY,267,151,0,0.0,True
847,legacyDistColdView,NC,100,58,0,0.0,True
967,legacyDistColdIntent,NC,42,29,0,0.0,True
962,legacyDistColdSubmit,NC,45,32,0,0.0,True
998,legacyDistColdVerify,NC,33,28,0,0.0,True
994,legacyDistColdComplete,NC,34,30,0,0.0,True
1033,legacyCustColdView,NC,24,18,0,0.0,True
1136,legacyCustColdSubmit,NC,7,7,0,0.0,True
1160,legacyCustColdVerify,NC,5,5,0,0.0,True
1159,legacyCustColdComplete,NC,5,5,0,0.0,True
1007,legacyMembColdView,NC,31,11,0,0.0,True
1192,legacyMembColdIntent,NC,3,3,0,0.0,True
1126,legacyMembColdSubmit,NC,9,3,0,0.0,True
1074,legacyDistInvtView,NC,16,4,0,0.0,True
1189,legacyDistInvtIntent,NC,3,2,0,0.0,True
1162,legacyDistInvtSubmit,NC,5,2,0,0.0,True
1248,legacyDistInvtVerify,NC,1,1,0,0.0,True
1207,legacyDistInvtComplete,NC,2,2,0,0.0,True
1186,legacyCustInvtView,NC,3,3,0,0.0,True
1241,legacyCustInvtSubmit,NC,1,1,0,0.0,True
1244,legacyCustInvtVerify,NC,1,1,0,0.0,True
1239,legacyCustInvtComplete,NC,1,1,0,0.0,True
1077,legacyMembInvtView,NC,16,12,0,0.0,True
1078,poCustColdView,NC,16,13,0,0.0,True
1117,poCustColdComplete,NC,10,8,0,0.0,True
368,legacyDistColdView,NL,886,550,0,0.0,True
666,legacyDistColdIntent,NL,250,213,0,0.0,True
651,legacyDistColdSubmit,NL,264,177,0,0.0,True
755,legacyDistColdVerify,NL,165,152,0,0.0,True
758,legacyDistColdComplete,NL,163,161,0,0.0,True
498,legacyCustColdView,NL,486,251,0,0.0,True
708,legacyCustColdSubmit,NL,212,97,0,0.0,True
1014,legacyCustColdVerify,NL,29,29,0,0.0,True
1021,legacyCustColdComplete,NL,27,27,0,0.0,True
1027,legacyMembColdView,NL,26,16,0,0.0,True
315,legacyDistInvtView,NL,1124,600,0,0.0,True
583,legacyDistInvtIntent,NL,361,280,0,0.0,True
575,legacyDistInvtSubmit,NL,373,219,0,0.0,True
707,legacyDistInvtVerify,NL,213,203,0,0.0,True
700,legacyDistInvtComplete,NL,220,214,0,0.0,True
963,legacyCustInvtView,NL,44,28,0,0.0,True
1153,legacyCustInvtSubmit,NL,6,4,0,0.0,True
1171,legacyCustInvtVerify,NL,4,4,0,0.0,True
1184,legacyCustInvtComplete,NL,3,3,0,0.0,True
541,legacyMembInvtView,NL,410,223,0,0.0,True
789,legacyMembInvtIntent,NL,144,112,0,0.0,True
778,legacyMembInvtSubmit,NL,150,81,0,0.0,True
894,legacyMembInvtVerify,NL,81,74,0,0.0,True
897,legacyMembInvtComplete,NL,80,75,0,0.0,True
467,poCustColdView,NL,563,445,0,0.0,True
558,poCustColdComplete,NL,392,353,0,0.0,True
346,legacyDistColdView,NO,980,574,0,0.0,True
641,legacyDistColdIntent,NO,279,223,0,0.0,True
645,legacyDistColdSubmit,NO,272,185,0,0.0,True
743,legacyDistColdVerify,NO,177,163,0,0.0,True
734,legacyDistColdComplete,NO,186,178,0,0.0,True
381,legacyCustColdView,NO,850,531,0,0.0,True
621,legacyCustColdSubmit,NO,311,208,0,0.0,True
881,legacyCustColdVerify,NO,85,85,0,0.0,True
884,legacyCustColdComplete,NO,84,84,0,0.0,True
248,legacyDistInvtView,NO,1691,964,0,0.0,True
496,legacyDistInvtIntent,NO,487,374,0,0.0,True
523,legacyDistInvtSubmit,NO,432,264,0,0.0,True
686,legacyDistInvtVerify,NO,233,229,0,0.0,True
683,legacyDistInvtComplete,NO,234,234,0,0.0,True
587,legacyCustInvtView,NO,358,233,0,0.0,True
892,legacyCustInvtSubmit,NO,81,63,0,0.0,True
926,legacyCustInvtVerify,NO,61,61,0,0.0,True
955,legacyCustInvtComplete,NO,49,49,0,0.0,True
351,legacyMembInvtView,NO,940,522,0,0.0,True
642,legacyMembInvtIntent,NO,275,231,0,0.0,True
662,legacyMembInvtSubmit,NO,252,172,0,0.0,True
751,legacyMembInvtVerify,NO,167,163,0,0.0,True
770,legacyMembInvtComplete,NO,156,153,0,0.0,True
441,poCustColdView,NO,643,467,0,0.0,True
571,poCustColdComplete,NO,375,326,0,0.0,True
220,legacyDistColdView,NZ,1984,999,0,0.0,True
417,legacyDistColdIntent,NZ,711,481,0,0.0,True
379,legacyDistColdSubmit,NZ,855,505,0,0.0,True
533,legacyDistColdVerify,NZ,417,361,0,0.0,True
528,legacyDistColdComplete,NZ,421,380,0,0.0,True
510,legacyCustColdView,NZ,458,301,0,0.0,True
752,legacyCustColdSubmit,NZ,166,111,0,0.0,True
928,legacyCustColdVerify,NZ,60,52,0,0.0,True
939,legacyCustColdComplete,NZ,56,49,0,0.0,True
874,legacyMembColdView,NZ,89,57,0,0.0,True
1037,legacyMembColdIntent,NZ,24,21,0,0.0,True
1038,legacyMembColdSubmit,NZ,24,20,0,0.0,True
1086,legacyMembColdVerify,NZ,14,14,0,0.0,True
1075,legacyMembColdComplete,NZ,16,16,0,0.0,True
326,legacyDistInvtView,NZ,1077,622,0,0.0,True
581,legacyDistInvtIntent,NZ,362,271,0,0.0,True
564,legacyDistInvtSubmit,NZ,383,203,0,0.0,True
756,legacyDistInvtVerify,NZ,164,149,0,0.0,True
760,legacyDistInvtComplete,NZ,162,155,0,0.0,True
852,legacyCustInvtView,NZ,98,69,0,0.0,True
1029,legacyCustInvtSubmit,NZ,25,16,0,0.0,True
1131,legacyCustInvtVerify,NZ,8,8,0,0.0,True
1112,legacyCustInvtComplete,NZ,10,10,0,0.0,True
688,legacyMembInvtView,NZ,232,140,0,0.0,True
919,legacyMembInvtIntent,NZ,66,50,0,0.0,True
883,legacyMembInvtSubmit,NZ,85,44,0,0.0,True
982,legacyMembInvtVerify,NZ,37,33,0,0.0,True
996,legacyMembInvtComplete,NZ,34,32,0,0.0,True
521,poCustColdView,NZ,434,341,0,0.0,True
1028,poCustColdIntent,NZ,26,26,0,0.0,True
650,poCustColdComplete,NZ,265,239,0,0.0,True
439,poCustColdView,PE,657,556,0,0.0,True
601,poCustColdComplete,PE,342,324,0,0.0,True
165,progDistColdView,PE,2793,2033,0,0.0,True
224,progDistColdIntent,PE,1942,1531,0,0.0,True
289,progDistColdComplete,PE,1327,1213,0,0.0,True
470,progCustColdView,PE,560,410,0,0.0,True
750,progCustColdIntent,PE,168,133,0,0.0,True
810,progCustColdComplete,PE,136,134,0,0.0,True
164,progMembInvtView,PE,2822,2301,0,0.0,True
443,progMembInvtComplete,PE,640,625,0,0.0,True
170,progDistInvtView,PE,2734,2072,0,0.0,True
440,progDistInvtComplete,PE,652,622,0,0.0,True
279,progCustInvtView,PE,1405,1339,0,0.0,True
936,progCustInvtComplete,PE,58,57,0,0.0,True
511,legacyDistColdView,PF,455,237,0,0.0,True
712,legacyDistColdIntent,PF,207,143,0,0.0,True
710,legacyDistColdSubmit,PF,208,131,0,0.0,True
794,legacyDistColdVerify,PF,141,113,0,0.0,True
785,legacyDistColdComplete,PF,145,118,0,0.0,True
882,legacyCustColdView,PF,85,60,0,0.0,True
1032,legacyCustColdSubmit,PF,24,19,0,0.0,True
1121,legacyCustColdVerify,PF,9,9,0,0.0,True
1119,legacyCustColdComplete,PF,9,9,0,0.0,True
837,legacyMembColdView,PF,110,64,0,0.0,True
1106,legacyMembColdIntent,PF,11,9,0,0.0,True
1066,legacyMembColdSubmit,PF,18,9,0,0.0,True
1175,legacyMembColdVerify,PF,4,4,0,0.0,True
1173,legacyMembColdComplete,PF,4,4,0,0.0,True
1006,legacyDistInvtView,PF,31,21,0,0.0,True
1139,legacyDistInvtIntent,PF,7,6,0,0.0,True
1155,legacyDistInvtSubmit,PF,6,3,0,0.0,True
1191,legacyDistInvtVerify,PF,3,2,0,0.0,True
1187,legacyDistInvtComplete,PF,3,2,0,0.0,True
1125,legacyCustInvtView,PF,9,7,0,0.0,True
1242,legacyCustInvtSubmit,PF,1,1,0,0.0,True
1059,legacyMembInvtView,PF,20,14,0,0.0,True
1088,legacyMembInvtIntent,PF,14,10,0,0.0,True
1143,legacyMembInvtSubmit,PF,7,7,0,0.0,True
1157,legacyMembInvtVerify,PF,6,6,0,0.0,True
1142,legacyMembInvtComplete,PF,7,7,0,0.0,True
1218,poCustColdView,PF,2,2,0,0.0,True
1259,poCustColdComplete,PF,1,1,0,0.0,True
1262,progDistColdComplete,PF,1,1,0,0.0,True
23,legacyDistColdView,PH,13322,6910,0,0.0,True
105,legacyDistColdIntent,PH,4358,3374,0,0.0,True
91,legacyDistColdSubmit,PH,4960,2824,0,0.0,True
148,legacyDistColdVerify,PH,3083,2362,0,0.0,True
187,legacyDistColdComplete,PH,2407,2233,0,0.0,True
57,legacyDistInvtView,PH,6806,3604,0,0.0,True
255,legacyDistInvtIntent,PH,1646,1286,0,0.0,True
223,legacyDistInvtSubmit,PH,1944,958,0,0.0,True
352,legacyDistInvtVerify,PH,939,699,0,0.0,True
431,legacyDistInvtComplete,PH,664,634,0,0.0,True
1258,legacyMembInvtView,PH,1,0,0,0.0,True
24,simpDistColdView,PH,13235,7980,0,0.0,True
34,simpDistColdIntent,PH,9535,6528,0,0.0,True
30,simpDistColdFindAff,PH,10590,6250,0,0.0,True
37,simpDistColdNextBttn,PH,9233,6150,0,0.0,True
39,simpDistColdFormStart,PH,8737,5903,0,0.0,True
73,simpDistColdComplete,PH,5852,4432,0,0.0,True
853,simpDistInvtLanding,PH,98,60,0,0.0,True
902,simpDistInvtAccept,PH,77,48,0,0.0,True
1118,simpDistInvtView,PH,10,7,0,0.0,True
1199,simpDistInvtIntent,PH,3,2,0,0.0,True
1278,simpDistInvtSubmit,PH,1,1,0,0.0,True
126,simpDistInvtError,PH,3736,1305,0,0.0,True
107,legacyDistColdView,PL,4329,2544,0,0.0,True
327,legacyDistColdIntent,PL,1070,838,0,0.0,True
333,legacyDistColdSubmit,PL,1041,647,0,0.0,True
484,legacyDistColdVerify,PL,522,454,0,0.0,True
525,legacyDistColdComplete,PL,430,429,0,0.0,True
270,legacyCustColdView,PL,1495,953,0,0.0,True
542,legacyCustColdSubmit,PL,409,288,0,0.0,True
774,legacyCustColdVerify,PL,152,151,0,0.0,True
790,legacyCustColdComplete,PL,143,143,0,0.0,True
978,legacyMembColdView,PL,38,32,0,0.0,True
1174,legacyMembColdIntent,PL,4,3,0,0.0,True
1214,legacyMembColdSubmit,PL,2,2,0,0.0,True
1215,legacyMembColdVerify,PL,2,2,0,0.0,True
1209,legacyMembColdComplete,PL,2,2,0,0.0,True
21,legacyDistInvtView,PL,13688,7659,0,0.0,True
118,legacyDistInvtIntent,PL,3874,2970,0,0.0,True
129,legacyDistInvtSubmit,PL,3640,2028,0,0.0,True
231,legacyDistInvtVerify,PL,1826,1694,0,0.0,True
247,legacyDistInvtComplete,PL,1692,1690,0,0.0,True
538,legacyCustInvtView,PL,415,278,0,0.0,True
839,legacyCustInvtSubmit,PL,107,66,0,0.0,True
948,legacyCustInvtVerify,PL,53,53,0,0.0,True
956,legacyCustInvtComplete,PL,49,49,0,0.0,True
82,legacyMembInvtView,PL,5362,3027,0,0.0,True
235,legacyMembInvtIntent,PL,1770,1452,0,0.0,True
233,legacyMembInvtSubmit,PL,1797,1155,0,0.0,True
328,legacyMembInvtVerify,PL,1061,1015,0,0.0,True
331,legacyMembInvtComplete,PL,1049,1018,0,0.0,True
79,poCustColdView,PL,5444,4271,0,0.0,True
119,poCustColdComplete,PL,3846,3458,0,0.0,True
207,legacyDistColdView,PT,2189,1364,0,0.0,True
356,legacyDistColdIntent,PT,933,754,0,0.0,True
369,legacyDistColdSubmit,PT,881,636,0,0.0,True
422,legacyDistColdVerify,PT,699,617,0,0.0,True
426,legacyDistColdComplete,PT,675,635,0,0.0,True
485,legacyCustColdView,PT,519,346,0,0.0,True
726,legacyCustColdSubmit,PT,193,132,0,0.0,True
1000,legacyCustColdVerify,PT,32,31,0,0.0,True
1009,legacyCustColdComplete,PT,30,29,0,0.0,True
1217,legacyMembColdView,PT,2,2,0,0.0,True
1212,legacyMembColdIntent,PT,2,1,0,0.0,True
1256,legacyMembColdVerify,PT,1,1,0,0.0,True
1250,legacyMembColdComplete,PT,1,1,0,0.0,True
376,legacyDistInvtView,PT,865,476,0,0.0,True
656,legacyDistInvtIntent,PT,259,193,0,0.0,True
675,legacyDistInvtSubmit,PT,242,145,0,0.0,True
809,legacyDistInvtVerify,PT,137,127,0,0.0,True
818,legacyDistInvtComplete,PT,129,126,0,0.0,True
825,legacyCustInvtView,PT,120,80,0,0.0,True
1010,legacyCustInvtSubmit,PT,30,19,0,0.0,True
1065,legacyCustInvtVerify,PT,18,17,0,0.0,True
1053,legacyCustInvtComplete,PT,20,18,0,0.0,True
820,legacyMembInvtView,PT,127,72,0,0.0,True
1013,legacyMembInvtIntent,PT,30,25,0,0.0,True
981,legacyMembInvtSubmit,PT,37,19,0,0.0,True
1076,legacyMembInvtVerify,PT,16,16,0,0.0,True
1072,legacyMembInvtComplete,PT,17,17,0,0.0,True
309,poCustColdView,PT,1172,913,0,0.0,True
389,poCustColdComplete,PT,821,727,0,0.0,True
93,legacyDistColdView,RO,4843,1939,0,0.0,True
290,legacyDistColdIntent,RO,1308,821,0,0.0,True
253,legacyDistColdSubmit,RO,1658,679,0,0.0,True
482,legacyDistColdVerify,RO,524,439,0,0.0,True
518,legacyDistColdComplete,RO,439,426,0,0.0,True
321,legacyCustColdView,RO,1097,591,0,0.0,True
517,legacyCustColdSubmit,RO,440,205,0,0.0,True
887,legacyCustColdVerify,RO,83,80,0,0.0,True
907,legacyCustColdComplete,RO,73,73,0,0.0,True
970,legacyMembColdView,RO,41,22,0,0.0,True
1193,legacyMembColdIntent,RO,3,2,0,0.0,True
1195,legacyMembColdSubmit,RO,3,3,0,0.0,True
1210,legacyMembColdComplete,RO,2,2,0,0.0,True
87,legacyDistInvtView,RO,5143,1938,0,0.0,True
258,legacyDistInvtIntent,RO,1640,1029,0,0.0,True
218,legacyDistInvtSubmit,RO,2013,727,0,0.0,True
481,legacyDistInvtVerify,RO,527,481,0,0.0,True
502,legacyDistInvtComplete,RO,477,473,0,0.0,True
829,legacyCustInvtView,RO,116,58,0,0.0,True
1022,legacyCustInvtSubmit,RO,27,13,0,0.0,True
1105,legacyCustInvtVerify,RO,11,11,0,0.0,True
1113,legacyCustInvtComplete,RO,10,10,0,0.0,True
513,legacyMembInvtView,RO,450,236,0,0.0,True
788,legacyMembInvtIntent,RO,145,120,0,0.0,True
747,legacyMembInvtSubmit,RO,175,96,0,0.0,True
878,legacyMembInvtVerify,RO,87,79,0,0.0,True
913,legacyMembInvtComplete,RO,71,70,0,0.0,True
302,poCustColdView,RO,1212,914,0,0.0,True
400,poCustColdComplete,RO,773,714,0,0.0,True
383,legacyDistColdView,RU,841,532,0,0.0,True
681,legacyDistColdIntent,RU,236,189,0,0.0,True
706,legacyDistColdSubmit,RU,213,143,0,0.0,True
765,legacyDistColdVerify,RU,157,131,0,0.0,True
827,legacyDistColdComplete,RU,119,118,0,0.0,True
507,legacyCustColdView,RU,462,284,0,0.0,True
784,legacyCustColdSubmit,RU,145,89,0,0.0,True
1005,legacyCustColdVerify,RU,31,31,0,0.0,True
1004,legacyCustColdComplete,RU,31,31,0,0.0,True
336,legacyDistInvtView,RU,1030,600,0,0.0,True
763,legacyDistInvtIntent,RU,158,124,0,0.0,True
729,legacyDistInvtSubmit,RU,192,85,0,0.0,True
938,legacyDistInvtVerify,RU,57,55,0,0.0,True
931,legacyDistInvtComplete,RU,59,59,0,0.0,True
843,legacyCustInvtView,RU,102,76,0,0.0,True
1090,legacyCustInvtSubmit,RU,13,7,0,0.0,True
1185,legacyCustInvtVerify,RU,3,3,0,0.0,True
1169,legacyCustInvtComplete,RU,4,4,0,0.0,True
531,legacyMembInvtView,RU,419,269,0,0.0,True
838,legacyMembInvtIntent,RU,110,96,0,0.0,True
836,legacyMembInvtSubmit,RU,111,72,0,0.0,True
891,legacyMembInvtVerify,RU,82,75,0,0.0,True
905,legacyMembInvtComplete,RU,74,73,0,0.0,True
964,poCustColdView,RU,44,32,0,0.0,True
1060,poCustColdComplete,RU,20,20,0,0.0,True
276,legacyDistColdView,SE,1433,818,0,0.0,True
569,legacyDistColdIntent,SE,375,291,0,0.0,True
549,legacyDistColdSubmit,SE,402,244,0,0.0,True
714,legacyDistColdVerify,SE,206,198,0,0.0,True
703,legacyDistColdComplete,SE,218,218,0,0.0,True
394,legacyCustColdView,SE,808,461,0,0.0,True
589,legacyCustColdSubmit,SE,357,198,0,0.0,True
941,legacyCustColdVerify,SE,56,56,0,0.0,True
940,legacyCustColdComplete,SE,56,56,0,0.0,True
1108,legacyMembColdView,SE,11,9,0,0.0,True
157,legacyDistInvtView,SE,2898,1407,0,0.0,True
382,legacyDistInvtIntent,SE,843,626,0,0.0,True
338,legacyDistInvtSubmit,SE,1015,481,0,0.0,True
557,legacyDistInvtVerify,SE,392,375,0,0.0,True
543,legacyDistInvtComplete,SE,408,407,0,0.0,True
495,legacyCustInvtView,SE,489,351,0,0.0,True
890,legacyCustInvtSubmit,SE,82,52,0,0.0,True
953,legacyCustInvtVerify,SE,50,49,0,0.0,True
972,legacyCustInvtComplete,SE,39,38,0,0.0,True
411,legacyMembInvtView,SE,721,393,0,0.0,True
704,legacyMembInvtIntent,SE,217,173,0,0.0,True
655,legacyMembInvtSubmit,SE,260,136,0,0.0,True
823,legacyMembInvtVerify,SE,126,122,0,0.0,True
834,legacyMembInvtComplete,SE,111,110,0,0.0,True
395,poCustColdView,SE,805,650,0,0.0,True
483,poCustColdComplete,SE,523,477,0,0.0,True
155,legacyDistColdView,SG,2908,1734,0,0.0,True
343,legacyDistColdIntent,SG,1006,833,0,0.0,True
358,legacyDistColdSubmit,SG,923,613,0,0.0,True
412,legacyDistColdVerify,SG,719,643,0,0.0,True
448,legacyDistColdComplete,SG,626,619,0,0.0,True
371,legacyDistInvtView,SG,875,513,0,0.0,True
816,legacyDistInvtIntent,SG,133,116,0,0.0,True
730,legacyDistInvtSubmit,SG,191,82,0,0.0,True
923,legacyDistInvtVerify,SG,63,51,0,0.0,True
952,legacyDistInvtComplete,SG,51,51,0,0.0,True
1069,poCustColdView,SG,18,16,0,0.0,True
1110,poCustColdComplete,SG,11,11,0,0.0,True
447,simpDistColdView,SG,628,436,0,0.0,True
585,simpDistColdIntent,SG,361,304,0,0.0,True
565,simpDistColdFindAff,SG,382,271,0,0.0,True
633,simpDistColdNextBttn,SG,292,254,0,0.0,True
682,simpDistColdFormStart,SG,235,206,0,0.0,True
815,simpDistColdComplete,SG,134,128,0,0.0,True
1279,simpDistInvtView,SG,1,1,0,0.0,True
1277,simpDistInvtIntent,SG,1,1,0,0.0,True
966,simpDistInvtError,SG,43,28,0,0.0,True
280,legacyDistColdView,SK,1403,779,0,0.0,True
620,legacyDistColdIntent,SK,315,236,0,0.0,True
592,legacyDistColdSubmit,SK,355,202,0,0.0,True
768,legacyDistColdVerify,SK,156,134,0,0.0,True
807,legacyDistColdComplete,SK,137,131,0,0.0,True
386,legacyCustColdView,SK,828,486,0,0.0,True
614,legacyCustColdSubmit,SK,320,178,0,0.0,True
861,legacyCustColdVerify,SK,92,92,0,0.0,True
870,legacyCustColdComplete,SK,89,89,0,0.0,True
1156,legacyMembColdView,SK,6,5,0,0.0,True
141,legacyDistInvtView,SK,3243,1886,0,0.0,True
355,legacyDistInvtIntent,SK,934,716,0,0.0,True
370,legacyDistInvtSubmit,SK,879,489,0,0.0,True
515,legacyDistInvtVerify,SK,443,390,0,0.0,True
577,legacyDistInvtComplete,SK,370,369,0,0.0,True
868,legacyCustInvtView,SK,90,58,0,0.0,True
1091,legacyCustInvtSubmit,SK,13,9,0,0.0,True
1138,legacyCustInvtVerify,SK,7,6,0,0.0,True
1152,legacyCustInvtComplete,SK,6,5,0,0.0,True
41,legacyMembInvtView,SK,8396,6027,0,0.0,True
285,legacyMembInvtIntent,SK,1354,1204,0,0.0,True
249,legacyMembInvtSubmit,SK,1682,1014,0,0.0,True
390,legacyMembInvtVerify,SK,816,792,0,0.0,True
398,legacyMembInvtComplete,SK,798,782,0,0.0,True
659,poCustColdView,SK,254,215,0,0.0,True
805,poCustColdComplete,SK,138,133,0,0.0,True
71,legacyDistColdView,TH,5960,2599,0,0.0,True
173,legacyDistColdIntent,TH,2689,1712,0,0.0,True
150,legacyDistColdSubmit,TH,3051,1500,0,0.0,True
188,legacyDistColdVerify,TH,2402,1503,0,0.0,True
219,legacyDistColdComplete,TH,1995,1434,0,0.0,True
287,legacyDistInvtView,TH,1340,613,0,0.0,True
646,legacyDistInvtIntent,TH,270,198,0,0.0,True
534,legacyDistInvtSubmit,TH,417,161,0,0.0,True
769,legacyDistInvtVerify,TH,156,109,0,0.0,True
848,legacyDistInvtComplete,TH,100,98,0,0.0,True
800,poCustColdView,TH,140,116,0,0.0,True
910,poCustColdComplete,TH,72,67,0,0.0,True
466,simpDistColdView,TH,566,425,0,0.0,True
606,simpDistColdIntent,TH,334,286,0,0.0,True
580,simpDistColdFindAff,TH,364,261,0,0.0,True
628,simpDistColdNextBttn,TH,299,254,0,0.0,True
664,simpDistColdFormStart,TH,251,218,0,0.0,True
748,simpDistColdComplete,TH,171,157,0,0.0,True
889,simpDistInvtError,TH,83,40,0,0.0,True
1263,progDistColdIntent,TH,1,1,0,0.0,True
469,progCustColdView,TH,561,415,0,0.0,True
801,progCustColdIntent,TH,140,107,0,0.0,True
833,progCustColdComplete,TH,112,109,0,0.0,True
896,progCustInvtView,TH,81,66,0,0.0,True
1134,progCustInvtComplete,TH,8,7,0,0.0,True
544,legacyDistColdView,UA,407,190,0,0.0,True
840,legacyDistColdIntent,UA,104,63,0,0.0,True
860,legacyDistColdSubmit,UA,93,36,0,0.0,True
969,legacyDistColdVerify,UA,41,25,0,0.0,True
1011,legacyDistColdComplete,UA,30,28,0,0.0,True
912,legacyCustColdView,UA,71,48,0,0.0,True
1070,legacyCustColdSubmit,UA,17,11,0,0.0,True
1168,legacyCustColdVerify,UA,4,4,0,0.0,True
1183,legacyCustColdComplete,UA,3,3,0,0.0,True
539,legacyDistInvtView,UA,414,216,0,0.0,True
850,legacyDistInvtIntent,UA,99,78,0,0.0,True
849,legacyDistInvtSubmit,UA,100,52,0,0.0,True
973,legacyDistInvtVerify,UA,39,33,0,0.0,True
985,legacyDistInvtComplete,UA,36,36,0,0.0,True
1092,legacyCustInvtView,UA,13,9,0,0.0,True
1240,legacyCustInvtComplete,UA,1,1,0,0.0,True
846,legacyMembInvtView,UA,101,59,0,0.0,True
1018,legacyMembInvtIntent,UA,28,23,0,0.0,True
1097,legacyMembInvtSubmit,UA,13,10,0,0.0,True
1109,legacyMembInvtVerify,UA,11,11,0,0.0,True
1082,legacyMembInvtComplete,UA,15,14,0,0.0,True
979,poCustColdView,UA,38,30,0,0.0,True
1050,poCustColdComplete,UA,21,19,0,0.0,True
5,legacyDistColdView,US,29039,16786,0,0.0,True
54,legacyDistColdIntent,US,7033,5621,0,0.0,True
43,legacyDistColdSubmit,US,8359,4786,0,0.0,True
149,legacyDistColdVerify,US,3056,2788,0,0.0,True
145,legacyDistColdComplete,US,3129,3064,0,0.0,True
15,legacyCustColdView,US,16183,10673,0,0.0,True
42,legacyCustColdSubmit,US,8394,5531,0,0.0,True
203,legacyCustColdVerify,US,2213,2007,0,0.0,True
201,legacyCustColdComplete,US,2267,2124,0,0.0,True
35,legacyMembColdView,US,9398,5468,0,0.0,True
109,legacyMembColdIntent,US,4245,3240,0,0.0,True
102,legacyMembColdSubmit,US,4513,2995,0,0.0,True
174,legacyMembColdVerify,US,2683,2317,0,0.0,True
161,legacyMembColdComplete,US,2854,2524,0,0.0,True
3,legacyDistInvtView,US,32365,17505,0,0.0,True
46,legacyDistInvtIntent,US,8106,6269,0,0.0,True
32,legacyDistInvtSubmit,US,9915,4884,0,0.0,True
133,legacyDistInvtVerify,US,3532,3400,0,0.0,True
125,legacyDistInvtComplete,US,3737,3714,0,0.0,True
69,legacyCustInvtView,US,6095,4072,0,0.0,True
295,legacyCustInvtSubmit,US,1258,805,0,0.0,True
457,legacyCustInvtVerify,US,598,566,0,0.0,True
452,legacyCustInvtComplete,US,618,595,0,0.0,True
10,legacyMembInvtView,US,20109,11952,0,0.0,True
86,legacyMembInvtIntent,US,5147,4170,0,0.0,True
66,legacyMembInvtSubmit,US,6297,3665,0,0.0,True
147,legacyMembInvtVerify,US,3092,2831,0,0.0,True
143,legacyMembInvtComplete,US,3190,2969,0,0.0,True
0,poCustColdView,US,41078,34216,0,0.0,True
60,poCustColdIntent,US,6533,6183,0,0.0,True
6,poCustColdComplete,US,27028,25230,0,0.0,True
1225,simpDistColdView,US,2,2,0,0.0,True
1271,simpDistColdFormStart,US,1,1,0,0.0,True
1269,simpDistColdComplete,US,1,1,0,0.0,True
1111,simpCustColdView,US,11,5,0,0.0,True
1220,simpCustColdIntent,US,2,1,0,0.0,True
1219,simpCustColdFindAff,US,2,1,0,0.0,True
1265,simpCustColdNextBttn,US,1,1,0,0.0,True
1177,simpCustColdFormStart,US,4,2,0,0.0,True
1182,simpMembColdView,US,4,2,0,0.0,True
1234,simpMembColdIntent,US,2,1,0,0.0,True
1233,simpMembColdFindAff,US,2,1,0,0.0,True
1281,simpMembColdNextBttn,US,1,1,0,0.0,True
1280,simpMembColdFormStart,US,1,1,0,0.0,True
1147,simpDistInvtLanding,US,7,4,0,0.0,True
1178,simpDistInvtAccept,US,4,3,0,0.0,True
1166,simpDistInvtView,US,5,4,0,0.0,True
1228,simpDistInvtIntent,US,2,2,0,0.0,True
1197,simpCustInvtLanding,US,3,2,0,0.0,True
1266,simpCustInvtAccept,US,1,1,0,0.0,True
1224,simpCustInvtView,US,2,2,0,0.0,True
1222,simpCustInvtIntent,US,2,2,0,0.0,True
826,progDistColdIntent,US,120,111,0,0.0,True
869,progDistColdComplete,US,90,88,0,0.0,True
911,progCustColdView,US,72,59,0,0.0,True
1015,progCustColdIntent,US,29,21,0,0.0,True
1165,progCustColdComplete,US,5,5,0,0.0,True
904,legacyDistColdView,VN,74,51,0,0.0,True
1154,legacyDistColdIntent,VN,6,5,0,0.0,True
1101,legacyDistColdSubmit,VN,12,6,0,0.0,True
1115,legacyDistColdVerify,VN,10,5,0,0.0,True
117,legacyMembColdView,VN,3917,1904,0,0.0,True
239,legacyMembColdIntent,VN,1747,1150,0,0.0,True
264,legacyMembColdSubmit,VN,1583,850,0,0.0,True
291,legacyMembColdVerify,VN,1307,870,0,0.0,True
318,legacyMembColdComplete,VN,1108,823,0,0.0,True
476,legacyMembInvtView,VN,537,305,0,0.0,True
799,legacyMembInvtIntent,VN,140,109,0,0.0,True
819,legacyMembInvtSubmit,VN,129,77,0,0.0,True
877,legacyMembInvtVerify,VN,88,70,0,0.0,True
893,legacyMembInvtComplete,VN,81,74,0,0.0,True
226,simpMembColdView,VN,1935,1177,0,0.0,True
294,simpMembColdIntent,VN,1262,932,0,0.0,True
283,simpMembColdFindAff,VN,1358,849,0,0.0,True
344,simpMembColdNextBttn,VN,992,795,0,0.0,True
347,simpMembColdFormStart,VN,979,799,0,0.0,True
433,simpMembColdComplete,VN,663,596,0,0.0,True
514,simpMembInvtLanding,VN,450,275,0,0.0,True
680,simpMembInvtAccept,VN,237,178,0,0.0,True
1020,simpMembInvtView,VN,28,14,0,0.0,True
1083,simpMembInvtIntent,VN,15,11,0,0.0,True
1100,simpMembInvtSubmit,VN,13,9,0,0.0,True
1167,simpMembInvtComplete,VN,5,5,0,0.0,True
550,simpMembInvtError,VN,402,157,0,0.0,True
1,legacyDistColdView,ZA,34170,16126,0,0.0,True
29,legacyDistColdIntent,ZA,10717,7922,0,0.0,True
26,legacyDistColdSubmit,ZA,12541,6932,0,0.0,True
77,legacyDistColdVerify,ZA,5571,4973,0,0.0,True
90,legacyDistColdComplete,ZA,4996,4824,0,0.0,True
193,legacyCustColdView,ZA,2366,1314,0,0.0,True
334,legacyCustColdSubmit,ZA,1038,481,0,0.0,True
699,legacyCustColdVerify,ZA,220,218,0,0.0,True
739,legacyCustColdComplete,ZA,180,179,0,0.0,True
556,legacyMembColdView,ZA,393,234,0,0.0,True
888,legacyMembColdIntent,ZA,83,71,0,0.0,True
880,legacyMembColdSubmit,ZA,86,54,0,0.0,True
957,legacyMembColdVerify,ZA,49,46,0,0.0,True
971,legacyMembColdComplete,ZA,40,40,0,0.0,True
7,legacyDistInvtView,ZA,22997,11474,0,0.0,True
61,legacyDistInvtIntent,ZA,6477,4979,0,0.0,True
48,legacyDistInvtSubmit,ZA,7847,3757,0,0.0,True
142,legacyDistInvtVerify,ZA,3227,2949,0,0.0,True
154,legacyDistInvtComplete,ZA,2927,2867,0,0.0,True
380,legacyCustInvtView,ZA,853,551,0,0.0,True
709,legacyCustInvtSubmit,ZA,211,110,0,0.0,True
872,legacyCustInvtVerify,ZA,89,88,0,0.0,True
900,legacyCustInvtComplete,ZA,78,75,0,0.0,True
110,legacyMembInvtView,ZA,4191,2922,0,0.0,True
325,legacyMembInvtIntent,ZA,1078,916,0,0.0,True
320,legacyMembInvtSubmit,ZA,1105,716,0,0.0,True
414,legacyMembInvtVerify,ZA,718,645,0,0.0,True
450,legacyMembInvtComplete,ZA,622,572,0,0.0,True
72,poCustColdView,ZA,5938,4656,0,0.0,True
120,poCustColdComplete,ZA,3834,3473,0,0.0,True
1235,Brand Affiliate,ZA,1,1,0,0.0,False
1282,,,1813990,1253040,0,0.0,False
