Event Action,Country Code (URL),Total Events,Unique Events,Event Value,Avg. Value
poCustColdView,US,41078,34216,0,0.00
legacyDistColdView,ZA,34170,16126,0,0.00
legacyDistColdView,ID,32824,16668,0,0.00
legacyDistInvtView,US,32365,17505,0,0.00
poCustColdView,GB,31184,27000,0,0.00
legacyDistColdView,US,29039,16786,0,0.00
poCustColdComplete,US,27028,25230,0,0.00
legacyDistInvtView,ZA,22997,11474,0,0.00
legacyMembColdView,JP,22614,12656,0,0.00
poCustColdComplete,GB,21924,20683,0,0.00
legacyMembInvtView,US,20109,11952,0,0.00
legacyDistColdView,MX,18758,9730,0,0.00
legacyDistColdSubmit,ID,18248,12210,0,0.00
legacyDistColdIntent,ID,18179,12908,0,0.00
legacyMembColdView,CL,17033,9650,0,0.00
legacyCustColdView,US,16183,10673,0,0.00
legacyDistColdView,GB,15925,9853,0,0.00
legacyDistColdVerify,ID,15399,11860,0,0.00
legacyMembInvtView,CL,15384,10903,0,0.00
legacyMembInvtView,AR,14867,11702,0,0.00
legacyDistColdView,CL,14609,8406,0,0.00
legacyDistInvtView,PL,13688,7659,0,0.00
legacyDistColdComplete,ID,13613,11940,0,0.00
legacyDistColdView,PH,13322,6910,0,0.00
simpDistColdView,PH,13235,7980,0,0.00
legacyDistInvtView,GB,13135,6670,0,0.00
legacyDistColdSubmit,ZA,12541,6932,0,0.00
legacyDistColdView,CO,11273,5647,0,0.00
poCustColdView,ES,10745,9260,0,0.00
legacyDistColdIntent,ZA,10717,7922,0,0.00
simpDistColdFindAff,PH,10590,6250,0,0.00
poCustColdView,FR,10330,8572,0,0.00
legacyDistInvtSubmit,US,9915,4884,0,0.00
legacyMembColdIntent,CL,9690,7645,0,0.00
simpDistColdIntent,PH,9535,6528,0,0.00
legacyMembColdView,US,9398,5468,0,0.00
legacyMembColdSubmit,CL,9291,6700,0,0.00
simpDistColdNextBttn,PH,9233,6150,0,0.00
legacyDistInvtView,CO,9165,4675,0,0.00
simpDistColdFormStart,PH,8737,5903,0,0.00
legacyDistColdView,MY,8410,4451,0,0.00
legacyMembInvtView,SK,8396,6027,0,0.00
legacyCustColdSubmit,US,8394,5531,0,0.00
legacyDistColdSubmit,US,8359,4786,0,0.00
legacyMembColdIntent,JP,8316,7236,0,0.00
poCustColdView,DE,8179,6579,0,0.00
legacyDistInvtIntent,US,8106,6269,0,0.00
poCustColdView,CL,8028,4912,0,0.00
legacyDistInvtSubmit,ZA,7847,3757,0,0.00
legacyMembColdVerify,CL,7808,6452,0,0.00
legacyDistInvtView,CL,7463,4429,0,0.00
legacyDistInvtView,ES,7206,4264,0,0.00
legacyMembColdView,CA,7082,3093,0,0.00
legacyDistInvtView,HU,7050,3607,0,0.00
legacyDistColdIntent,US,7033,5621,0,0.00
legacyDistInvtView,CA,6903,3393,0,0.00
legacyMembInvtView,CA,6880,3731,0,0.00
legacyDistInvtView,PH,6806,3604,0,0.00
legacyMembColdComplete,CL,6680,6232,0,0.00
poCustColdComplete,FR,6556,6181,0,0.00
poCustColdIntent,US,6533,6183,0,0.00
legacyDistInvtIntent,ZA,6477,4979,0,0.00
legacyMembColdSubmit,JP,6445,4373,0,0.00
legacyMembColdView,MX,6342,3535,0,0.00
legacyCustColdView,GB,6311,3920,0,0.00
legacyDistColdIntent,CL,6303,5045,0,0.00
legacyMembInvtSubmit,US,6297,3665,0,0.00
legacyDistColdSubmit,CL,6268,4132,0,0.00
legacyDistInvtView,FR,6234,3590,0,0.00
legacyCustInvtView,US,6095,4072,0,0.00
poCustColdComplete,ES,5981,5795,0,0.00
legacyDistColdView,TH,5960,2599,0,0.00
poCustColdView,ZA,5938,4656,0,0.00
simpDistColdComplete,PH,5852,4432,0,0.00
legacyDistInvtView,DE,5827,2938,0,0.00
simpMembInvtLanding,MX,5810,3952,0,0.00
simpDistColdView,MX,5776,3996,0,0.00
legacyDistColdVerify,ZA,5571,4973,0,0.00
legacyCustColdView,CL,5450,3328,0,0.00
poCustColdView,PL,5444,4271,0,0.00
legacyMembColdSubmit,CA,5418,2676,0,0.00
legacyDistColdIntent,MX,5380,4029,0,0.00
legacyMembInvtView,PL,5362,3027,0,0.00
simpDistInvtLanding,MX,5337,3411,0,0.00
legacyDistColdSubmit,MX,5326,3227,0,0.00
legacyMembColdComplete,JP,5182,5123,0,0.00
legacyMembInvtIntent,US,5147,4170,0,0.00
legacyDistInvtView,RO,5143,1938,0,0.00
legacyDistColdIntent,GB,5034,4118,0,0.00
poCustColdComplete,DE,5003,4789,0,0.00
legacyDistColdComplete,ZA,4996,4824,0,0.00
legacyDistColdSubmit,PH,4960,2824,0,0.00
legacyDistColdSubmit,CO,4861,3030,0,0.00
legacyDistColdView,RO,4843,1939,0,0.00
legacyMembColdIntent,CA,4743,2448,0,0.00
legacyDistColdVerify,CL,4719,3747,0,0.00
legacyDistColdSubmit,GB,4675,3038,0,0.00
legacyDistColdView,CA,4632,2542,0,0.00
legacyDistInvtSubmit,GB,4617,2280,0,0.00
legacyDistColdView,AU,4593,2341,0,0.00
legacyDistColdView,FR,4537,2760,0,0.00
legacyDistColdView,DE,4529,2696,0,0.00
legacyMembColdSubmit,US,4513,2995,0,0.00
simpDistColdFormStart,MX,4454,3540,0,0.00
poCustColdView,MX,4407,3527,0,0.00
legacyDistColdIntent,PH,4358,3374,0,0.00
legacyDistColdIntent,CO,4332,3320,0,0.00
legacyDistColdView,PL,4329,2544,0,0.00
legacyMembColdView,AR,4299,2758,0,0.00
legacyMembColdIntent,US,4245,3240,0,0.00
legacyMembInvtView,ZA,4191,2922,0,0.00
legacyMembInvtView,FR,4177,2537,0,0.00
legacyCustColdView,FR,4161,2772,0,0.00
legacyCustInvtView,FR,4132,2817,0,0.00
legacyDistColdSubmit,MY,3985,2664,0,0.00
legacyDistColdIntent,MY,3973,3000,0,0.00
legacyMembColdComplete,CA,3938,2495,0,0.00
legacyMembColdView,VN,3917,1904,0,0.00
legacyDistInvtIntent,PL,3874,2970,0,0.00
poCustColdComplete,PL,3846,3458,0,0.00
poCustColdComplete,ZA,3834,3473,0,0.00
legacyDistInvtIntent,GB,3826,2968,0,0.00
poCustColdView,CA,3766,2829,0,0.00
legacyDistColdComplete,CL,3762,3506,0,0.00
legacyMembInvtSubmit,CL,3761,2508,0,0.00
legacyDistInvtComplete,US,3737,3714,0,0.00
simpDistInvtError,PH,3736,1305,0,0.00
legacyMembInvtView,CO,3672,2558,0,0.00
legacyMembColdVerify,CA,3644,2242,0,0.00
legacyDistInvtSubmit,PL,3640,2028,0,0.00
legacyMembInvtIntent,CL,3599,2985,0,0.00
legacyDistColdView,ES,3577,2259,0,0.00
simpDistColdFindAff,MX,3560,2223,0,0.00
legacyDistInvtVerify,US,3532,3400,0,0.00
legacyDistColdComplete,GB,3491,3224,0,0.00
legacyCustColdView,DE,3399,2020,0,0.00
legacyDistColdVerify,GB,3297,2983,0,0.00
legacyDistColdVerify,MY,3278,2656,0,0.00
legacyDistColdVerify,CO,3276,2667,0,0.00
simpDistColdIntent,MX,3256,2577,0,0.00
legacyCustInvtView,ES,3246,2219,0,0.00
legacyDistInvtView,SK,3243,1886,0,0.00
legacyDistInvtVerify,ZA,3227,2949,0,0.00
legacyMembInvtComplete,US,3190,2969,0,0.00
simpMembInvtAccept,MX,3178,2518,0,0.00
legacyDistColdComplete,US,3129,3064,0,0.00
simpDistColdView,ID,3111,2141,0,0.00
legacyMembInvtVerify,US,3092,2831,0,0.00
legacyDistColdVerify,PH,3083,2362,0,0.00
legacyDistColdVerify,US,3056,2788,0,0.00
legacyDistColdSubmit,TH,3051,1500,0,0.00
legacyDistInvtView,MX,3044,1814,0,0.00
simpDistInvtAccept,MX,3008,2314,0,0.00
legacyDistInvtSubmit,CO,2973,1056,0,0.00
legacyDistInvtComplete,ZA,2927,2867,0,0.00
legacyDistColdView,SG,2908,1734,0,0.00
legacyMembInvtView,DK,2905,1705,0,0.00
legacyDistInvtView,SE,2898,1407,0,0.00
legacyDistColdView,HK,2885,1634,0,0.00
legacyMembInvtSubmit,CA,2881,1638,0,0.00
legacyMembInvtView,CZ,2856,1748,0,0.00
legacyMembColdComplete,US,2854,2524,0,0.00
legacyDistColdComplete,MY,2843,2551,0,0.00
legacyDistInvtView,AR,2843,1665,0,0.00
progMembInvtView,PE,2822,2301,0,0.00
progDistColdView,PE,2793,2033,0,0.00
legacyCustColdSubmit,GB,2786,1581,0,0.00
legacyCustColdView,ES,2765,1787,0,0.00
legacyMembInvtView,DE,2761,1585,0,0.00
poCustColdComplete,CA,2749,2280,0,0.00
progDistInvtView,PE,2734,2072,0,0.00
legacyDistColdComplete,CO,2725,2520,0,0.00
legacyCustColdView,CA,2710,1752,0,0.00
legacyDistColdIntent,TH,2689,1712,0,0.00
legacyMembColdVerify,US,2683,2317,0,0.00
legacyMembColdIntent,AR,2679,2184,0,0.00
legacyDistColdComplete,MX,2669,2593,0,0.00
simpDistColdNextBttn,MX,2656,2164,0,0.00
legacyMembInvtVerify,CL,2649,2302,0,0.00
legacyDistInvtView,CZ,2612,1444,0,0.00
legacyDistColdVerify,MX,2606,2352,0,0.00
legacyDistInvtView,AU,2581,1419,0,0.00
legacyMembInvtIntent,CA,2551,1792,0,0.00
legacyMembColdIntent,MX,2523,1984,0,0.00
legacyDistInvtIntent,HU,2496,1888,0,0.00
poCustColdView,AT,2481,2048,0,0.00
legacyMembInvtView,MX,2459,1607,0,0.00
legacyDistColdComplete,PH,2407,2233,0,0.00
legacyDistColdVerify,TH,2402,1503,0,0.00
legacyMembInvtView,ES,2394,1650,0,0.00
legacyDistInvtSubmit,CL,2389,1312,0,0.00
poCustColdComplete,MX,2373,2184,0,0.00
legacyMembInvtView,GB,2369,1259,0,0.00
legacyCustColdView,ZA,2366,1314,0,0.00
legacyDistInvtSubmit,HU,2362,1290,0,0.00
poCustColdComplete,CL,2340,2226,0,0.00
legacyDistInvtIntent,CL,2326,1884,0,0.00
simpDistColdComplete,MX,2306,2219,0,0.00
legacyCustInvtView,DE,2294,1437,0,0.00
legacyMembColdSubmit,MX,2275,1541,0,0.00
legacyMembInvtComplete,CL,2275,2150,0,0.00
legacyCustColdComplete,US,2267,2124,0,0.00
legacyDistInvtSubmit,CA,2264,894,0,0.00
legacyCustColdVerify,US,2213,2007,0,0.00
poCustColdView,CO,2211,1425,0,0.00
simpCustColdView,MX,2207,1480,0,0.00
legacyDistInvtComplete,GB,2190,2126,0,0.00
legacyDistColdView,PT,2189,1364,0,0.00
legacyDistColdView,HU,2184,1256,0,0.00
legacyMembColdSubmit,AR,2167,1662,0,0.00
simpDistColdFindAff,ID,2129,1379,0,0.00
legacyDistColdSubmit,AU,2116,1152,0,0.00
legacyDistInvtVerify,GB,2103,1983,0,0.00
legacyDistInvtView,MY,2096,1166,0,0.00
simpDistColdIntent,ID,2049,1526,0,0.00
progDistColdView,HK,2045,1480,0,0.00
poCustColdView,AU,2042,1598,0,0.00
simpDistColdView,MY,2014,1391,0,0.00
legacyDistInvtSubmit,RO,2013,727,0,0.00
legacyDistColdComplete,TH,1995,1434,0,0.00
legacyDistColdView,NZ,1984,999,0,0.00
legacyMembColdComplete,AR,1983,1808,0,0.00
legacyMembColdVerify,AR,1981,1750,0,0.00
legacyDistInvtSubmit,PH,1944,958,0,0.00
progDistColdIntent,PE,1942,1531,0,0.00
legacyCustColdSubmit,CL,1940,1443,0,0.00
simpMembColdView,VN,1935,1177,0,0.00
legacyDistInvtSubmit,ES,1893,1100,0,0.00
legacyDistInvtIntent,CO,1887,1380,0,0.00
legacyCustInvtView,CL,1850,1274,0,0.00
legacyDistColdView,AR,1826,1161,0,0.00
legacyDistInvtVerify,PL,1826,1694,0,0.00
legacyCustColdView,CO,1816,852,0,0.00
legacyMembInvtSubmit,PL,1797,1155,0,0.00
simpDistColdNextBttn,ID,1795,1350,0,0.00
legacyMembInvtIntent,PL,1770,1452,0,0.00
simpMembColdFormStart,MX,1770,1440,0,0.00
legacyDistInvtView,HK,1763,1102,0,0.00
legacyMembInvtComplete,CA,1748,1460,0,0.00
legacyMembColdIntent,VN,1747,1150,0,0.00
legacyDistInvtView,IT,1742,987,0,0.00
legacyMembInvtSubmit,AR,1726,1124,0,0.00
progDistColdRegClick,PE,1726,1167,0,0.00
legacyDistInvtView,BE,1723,872,0,0.00
legacyMembInvtView,BE,1712,891,0,0.00
legacyDistInvtView,DK,1699,951,0,0.00
legacyMembInvtVerify,CA,1695,1368,0,0.00
legacyDistInvtComplete,PL,1692,1690,0,0.00
legacyDistInvtView,NO,1691,964,0,0.00
legacyMembInvtSubmit,SK,1682,1014,0,0.00
legacyDistInvtIntent,ES,1681,1380,0,0.00
simpDistColdFormStart,ID,1675,1256,0,0.00
legacyMembInvtIntent,AR,1660,1446,0,0.00
legacyDistColdSubmit,RO,1658,679,0,0.00
legacyDistInvtIntent,CA,1652,1197,0,0.00
legacyDistInvtIntent,PH,1646,1286,0,0.00
legacyMembColdComplete,MX,1644,1553,0,0.00
legacyCustColdView,MX,1642,1162,0,0.00
legacyDistInvtIntent,RO,1640,1029,0,0.00
legacyDistColdIntent,AU,1639,1130,0,0.00
legacyDistInvtSubmit,DE,1634,865,0,0.00
legacyDistInvtSubmit,FR,1611,837,0,0.00
legacyDistInvtIntent,DE,1608,1200,0,0.00
poCustColdComplete,AT,1608,1510,0,0.00
legacyMembColdSubmit,VN,1583,850,0,0.00
legacyMembColdVerify,MX,1572,1458,0,0.00
legacyMembInvtView,HU,1567,888,0,0.00
legacyDistInvtIntent,FR,1562,1218,0,0.00
legacyDistInvtView,CH,1548,934,0,0.00
legacyCustColdSubmit,FR,1503,1101,0,0.00
legacyCustColdView,PL,1495,953,0,0.00
legacyCustColdView,AT,1492,886,0,0.00
simpDistColdFindAff,MY,1481,968,0,0.00
legacyMembInvtIntent,FR,1462,1246,0,0.00
legacyDistInvtView,AT,1453,713,0,0.00
poCustColdView,CH,1437,1161,0,0.00
legacyDistColdView,SE,1433,818,0,0.00
legacyCustColdVerify,CL,1419,1177,0,0.00
legacyDistInvtVerify,CL,1416,1128,0,0.00
progCustInvtView,PE,1405,1339,0,0.00
legacyDistColdView,SK,1403,779,0,0.00
legacyDistColdSubmit,CA,1401,669,0,0.00
simpDistColdIntent,MY,1381,1045,0,0.00
simpMembColdFindAff,VN,1358,849,0,0.00
legacyDistColdView,CH,1357,823,0,0.00
legacyMembInvtIntent,SK,1354,1204,0,0.00
legacyDistColdView,IT,1344,714,0,0.00
legacyDistInvtView,TH,1340,613,0,0.00
poCustColdComplete,AU,1333,1195,0,0.00
progDistColdComplete,PE,1327,1213,0,0.00
legacyDistColdIntent,RO,1308,821,0,0.00
legacyMembColdVerify,VN,1307,870,0,0.00
legacyMembInvtSubmit,FR,1292,936,0,0.00
legacyCustColdView,AR,1264,730,0,0.00
simpMembColdIntent,VN,1262,932,0,0.00
legacyCustInvtSubmit,US,1258,805,0,0.00
legacyCustInvtView,AT,1257,808,0,0.00
poCustColdView,HU,1235,967,0,0.00
simpCustInvtLanding,MX,1235,916,0,0.00
simpDistColdNextBttn,MY,1227,942,0,0.00
simpDistColdComplete,ID,1224,991,0,0.00
legacyCustColdSubmit,DE,1219,770,0,0.00
poCustColdView,RO,1212,914,0,0.00
legacyCustColdSubmit,CA,1194,789,0,0.00
legacyDistInvtView,ID,1193,706,0,0.00
progDistColdInfoClick,PE,1193,1069,0,0.00
progDistColdIntent,HK,1192,871,0,0.00
legacyCustColdView,AU,1176,885,0,0.00
legacyDistColdComplete,AU,1174,933,0,0.00
poCustColdView,PT,1172,913,0,0.00
legacyCustInvtView,CA,1167,660,0,0.00
legacyDistInvtVerify,HU,1138,1046,0,0.00
legacyDistColdVerify,AU,1134,841,0,0.00
legacyMembInvtIntent,DK,1134,934,0,0.00
legacyCustColdComplete,CL,1133,1069,0,0.00
legacyDistInvtView,NL,1124,600,0,0.00
legacyMembInvtView,AT,1113,646,0,0.00
legacyDistColdSubmit,FR,1110,592,0,0.00
legacyMembColdComplete,VN,1108,823,0,0.00
legacyDistColdSubmit,DE,1106,640,0,0.00
legacyMembInvtSubmit,ZA,1105,716,0,0.00
legacyCustColdView,RO,1097,591,0,0.00
legacyCustInvtSubmit,FR,1094,780,0,0.00
simpDistColdFormStart,MY,1093,845,0,0.00
simpMembColdComplete,MX,1080,1023,0,0.00
legacyMembInvtIntent,ZA,1078,916,0,0.00
legacyDistInvtView,NZ,1077,622,0,0.00
legacyDistColdIntent,PL,1070,838,0,0.00
legacyMembInvtVerify,PL,1061,1015,0,0.00
poCustColdView,IT,1061,809,0,0.00
legacyDistInvtComplete,CL,1051,1030,0,0.00
legacyMembInvtComplete,PL,1049,1018,0,0.00
legacyDistColdView,CZ,1044,634,0,0.00
legacyDistColdSubmit,PL,1041,647,0,0.00
legacyCustColdSubmit,ZA,1038,481,0,0.00
legacyCustColdSubmit,ES,1030,727,0,0.00
legacyDistInvtView,RU,1030,600,0,0.00
legacyDistInvtComplete,HU,1024,1020,0,0.00
legacyDistInvtSubmit,SE,1015,481,0,0.00
legacyDistColdIntent,CA,1013,779,0,0.00
poCustColdView,BE,1013,786,0,0.00
legacyDistInvtVerify,ES,1012,927,0,0.00
legacyDistColdIntent,DE,1007,790,0,0.00
legacyDistColdIntent,SG,1006,833,0,0.00
simpMembColdNextBttn,VN,992,795,0,0.00
progDistColdComplete,HK,990,771,0,0.00
legacyDistColdView,NO,980,574,0,0.00
simpMembColdFormStart,VN,979,799,0,0.00
legacyMembInvtSubmit,DK,977,663,0,0.00
legacyDistInvtVerify,CA,976,592,0,0.00
poCustColdComplete,CH,960,898,0,0.00
legacyMembInvtView,NO,940,522,0,0.00
legacyDistInvtVerify,PH,939,699,0,0.00
legacyMembInvtVerify,FR,939,911,0,0.00
legacyMembInvtComplete,FR,935,921,0,0.00
legacyDistInvtIntent,SK,934,716,0,0.00
legacyDistColdIntent,PT,933,754,0,0.00
legacyDistColdSubmit,ES,932,615,0,0.00
legacyDistColdSubmit,SG,923,613,0,0.00
legacyCustColdView,CH,920,525,0,0.00
legacyDistInvtComplete,ES,919,908,0,0.00
progDistInvtRegClick,PE,919,538,0,0.00
simpCustColdFormStart,MX,916,827,0,0.00
legacyDistColdView,BE,903,522,0,0.00
legacyDistInvtView,FI,901,492,0,0.00
legacyDistColdIntent,FR,899,742,0,0.00
legacyDistInvtSubmit,AU,898,439,0,0.00
legacyMembInvtVerify,AR,890,863,0,0.00
legacyDistColdView,NL,886,550,0,0.00
legacyDistColdSubmit,PT,881,636,0,0.00
legacyDistInvtSubmit,SK,879,489,0,0.00
legacyDistInvtView,SG,875,513,0,0.00
legacyMembInvtSubmit,GB,873,469,0,0.00
legacyDistColdView,AT,872,520,0,0.00
poCustColdComplete,HU,872,787,0,0.00
legacyCustInvtView,CO,870,655,0,0.00
legacyDistInvtView,PT,865,476,0,0.00
legacyDistInvtView,IE,862,430,0,0.00
legacyMembInvtComplete,AR,857,851,0,0.00
legacyDistColdSubmit,NZ,855,505,0,0.00
legacyCustInvtView,ZA,853,551,0,0.00
legacyCustColdView,NO,850,531,0,0.00
legacyDistInvtIntent,SE,843,626,0,0.00
legacyDistColdView,RU,841,532,0,0.00
legacyDistInvtVerify,CO,837,717,0,0.00
legacyDistColdIntent,ES,830,704,0,0.00
legacyCustColdView,SK,828,486,0,0.00
legacyDistInvtVerify,DE,826,692,0,0.00
simpDistInvtError,MX,825,355,0,0.00
poCustColdComplete,PT,821,727,0,0.00
legacyMembInvtVerify,SK,816,792,0,0.00
legacyMembInvtSubmit,CZ,815,545,0,0.00
legacyMembInvtIntent,CZ,814,688,0,0.00
simpDistColdComplete,MY,814,652,0,0.00
legacyCustColdView,SE,808,461,0,0.00
poCustColdView,SE,805,650,0,0.00
legacyCustInvtView,GB,804,504,0,0.00
legacyDistInvtVerify,FR,799,688,0,0.00
legacyMembInvtComplete,SK,798,782,0,0.00
legacyCustColdView,HU,775,539,0,0.00
poCustColdComplete,RO,773,714,0,0.00
progMembInvtView,HK,762,583,0,0.00
legacyCustInvtComplete,FR,761,735,0,0.00
legacyMembInvtIntent,DE,761,635,0,0.00
legacyMembInvtIntent,GB,761,622,0,0.00
legacyMembInvtSubmit,DE,752,456,0,0.00
legacyDistInvtComplete,DE,746,729,0,0.00
legacyMembInvtVerify,DK,745,687,0,0.00
legacyCustInvtVerify,FR,741,709,0,0.00
legacyCustColdSubmit,CO,734,338,0,0.00
legacyCustColdView,BE,725,355,0,0.00
legacyMembInvtView,SE,721,393,0,0.00
legacyDistColdVerify,SG,719,643,0,0.00
legacyDistInvtComplete,FR,718,714,0,0.00
legacyMembInvtVerify,ZA,718,645,0,0.00
legacyDistInvtIntent,CZ,716,565,0,0.00
legacyDistInvtComplete,CO,715,682,0,0.00
legacyDistColdIntent,NZ,711,481,0,0.00
legacyMembInvtView,IT,711,385,0,0.00
legacyDistInvtSubmit,CZ,707,399,0,0.00
legacyDistColdSubmit,HK,704,398,0,0.00
legacyDistInvtIntent,MX,704,567,0,0.00
legacyDistColdVerify,PT,699,617,0,0.00
legacyMembInvtSubmit,CO,698,304,0,0.00
legacyCustColdView,CZ,690,419,0,0.00
legacyMembInvtView,AU,682,449,0,0.00
legacyDistColdComplete,PT,675,635,0,0.00
legacyCustInvtSubmit,DE,674,453,0,0.00
legacyDistInvtIntent,AU,672,523,0,0.00
legacyMembInvtComplete,DK,670,625,0,0.00
legacyDistInvtSubmit,AR,666,343,0,0.00
legacyDistInvtComplete,PH,664,634,0,0.00
legacyMembColdView,CO,664,379,0,0.00
simpMembColdComplete,VN,663,596,0,0.00
legacyDistColdVerify,DE,662,498,0,0.00
legacyDistColdSubmit,HU,661,413,0,0.00
poCustColdComplete,BE,660,609,0,0.00
legacyMembInvtView,FI,659,345,0,0.00
legacyDistInvtSubmit,MY,657,273,0,0.00
poCustColdView,PE,657,556,0,0.00
progDistInvtComplete,PE,652,622,0,0.00
poCustColdView,NO,643,467,0,0.00
legacyDistColdIntent,HU,642,530,0,0.00
progMembInvtComplete,PE,640,625,0,0.00
legacyDistColdIntent,HK,639,528,0,0.00
poCustColdComplete,IT,638,563,0,0.00
legacyDistInvtSubmit,MX,636,364,0,0.00
simpDistColdView,SG,628,436,0,0.00
legacyDistColdComplete,SG,626,619,0,0.00
legacyMembInvtSubmit,BE,626,355,0,0.00
legacyMembInvtComplete,ZA,622,572,0,0.00
legacyCustColdView,IT,621,378,0,0.00
legacyCustInvtComplete,US,618,595,0,0.00
legacyDistInvtIntent,DK,617,476,0,0.00
simpCustInvtAccept,MX,613,529,0,0.00
legacyCustColdSubmit,AT,601,423,0,0.00
legacyDistInvtComplete,CA,600,599,0,0.00
legacyCustInvtVerify,US,598,566,0,0.00
legacyMembInvtSubmit,HU,591,395,0,0.00
legacyDistColdSubmit,AR,590,394,0,0.00
legacyMembInvtIntent,BE,590,467,0,0.00
simpCustColdComplete,MX,586,577,0,0.00
legacyMembInvtVerify,CZ,584,504,0,0.00
legacyMembInvtIntent,HU,583,479,0,0.00
legacyDistColdVerify,ES,577,500,0,0.00
legacyDistColdComplete,DE,574,550,0,0.00
simpDistColdView,TH,566,425,0,0.00
poCustColdView,NL,563,445,0,0.00
legacyDistColdVerify,FR,562,468,0,0.00
progCustColdView,TH,561,415,0,0.00
progCustColdView,PE,560,410,0,0.00
legacyCustInvtSubmit,ES,559,376,0,0.00
legacyDistInvtSubmit,DK,551,347,0,0.00
legacyDistInvtSubmit,BE,550,303,0,0.00
legacyCustColdComplete,FR,548,534,0,0.00
legacyDistColdView,IE,539,297,0,0.00
legacyMembInvtView,VN,537,305,0,0.00
legacyDistColdVerify,CA,532,380,0,0.00
legacyDistColdComplete,ES,531,511,0,0.00
legacyCustColdSubmit,AU,530,386,0,0.00
legacyCustColdVerify,FR,530,509,0,0.00
legacyDistInvtVerify,RO,527,481,0,0.00
legacyDistColdVerify,RO,524,439,0,0.00
poCustColdComplete,SE,523,477,0,0.00
legacyDistColdVerify,PL,522,454,0,0.00
legacyCustColdView,PT,519,346,0,0.00
simpDistInvtError,ID,517,209,0,0.00
poCustColdComplete,CO,516,501,0,0.00
legacyMembInvtIntent,MX,513,396,0,0.00
poCustColdView,IE,513,413,0,0.00
legacyMembInvtSubmit,ES,510,353,0,0.00
legacyCustColdVerify,GB,509,505,0,0.00
legacyMembInvtIntent,ES,509,441,0,0.00
legacyDistColdComplete,FR,497,490,0,0.00
legacyDistInvtIntent,BE,497,387,0,0.00
legacyCustInvtView,SE,489,351,0,0.00
legacyDistInvtIntent,NO,487,374,0,0.00
legacyMembInvtView,CH,487,274,0,0.00
legacyCustColdView,NL,486,251,0,0.00
legacyMembInvtComplete,CZ,486,464,0,0.00
legacyCustColdSubmit,AR,485,294,0,0.00
legacyMembInvtIntent,CO,478,399,0,0.00
legacyDistInvtComplete,RO,477,473,0,0.00
simpCustColdIntent,MX,477,408,0,0.00
legacyCustInvtVerify,DE,475,436,0,0.00
legacyDistInvtSubmit,CH,474,269,0,0.00
legacyDistColdVerify,HK,465,390,0,0.00
legacyCustColdView,RU,462,284,0,0.00
legacyMembInvtSubmit,MX,462,283,0,0.00
legacyMembInvtVerify,GB,462,446,0,0.00
legacyCustColdView,NZ,458,301,0,0.00
legacyDistColdView,PF,455,237,0,0.00
legacyCustColdComplete,GB,454,453,0,0.00
legacyMembInvtView,RO,450,236,0,0.00
simpMembInvtLanding,VN,450,275,0,0.00
legacyDistInvtVerify,SK,443,390,0,0.00
legacyMembColdView,AU,443,279,0,0.00
legacyCustColdSubmit,RO,440,205,0,0.00
legacyDistColdComplete,RO,439,426,0,0.00
legacyDistInvtIntent,IT,438,328,0,0.00
legacyDistInvtSubmit,AT,435,207,0,0.00
poCustColdView,NZ,434,341,0,0.00
legacyCustInvtSubmit,AT,433,297,0,0.00
legacyDistInvtSubmit,NO,432,264,0,0.00
progDistInvtInfoClick,PE,431,390,0,0.00
legacyDistColdComplete,PL,430,429,0,0.00
legacyCustColdVerify,DE,429,364,0,0.00
legacyCustInvtComplete,DE,426,393,0,0.00
legacyDistColdComplete,NZ,421,380,0,0.00
legacyMembInvtComplete,GB,420,416,0,0.00
legacyCustColdView,DK,419,234,0,0.00
legacyMembInvtView,RU,419,269,0,0.00
legacyMembInvtView,LU,418,235,0,0.00
legacyDistColdVerify,NZ,417,361,0,0.00
legacyDistInvtSubmit,TH,417,161,0,0.00
legacyCustColdSubmit,MX,416,330,0,0.00
simpMembInvtError,MX,416,203,0,0.00
legacyCustColdSubmit,CH,415,246,0,0.00
legacyCustInvtView,PL,415,278,0,0.00
legacyDistInvtView,UA,414,216,0,0.00
legacyDistColdVerify,AR,412,356,0,0.00
legacyMembInvtView,NL,410,223,0,0.00
legacyCustColdSubmit,PL,409,288,0,0.00
legacyDistInvtComplete,SE,408,407,0,0.00
legacyDistColdView,UA,407,190,0,0.00
legacyDistInvtIntent,AT,407,306,0,0.00
legacyMembInvtVerify,DE,407,398,0,0.00
legacyDistInvtView,IS,404,256,0,0.00
legacyDistInvtIntent,MY,403,318,0,0.00
legacyDistColdSubmit,SE,402,244,0,0.00
simpMembInvtError,VN,402,157,0,0.00
legacyDistInvtSubmit,IT,400,208,0,0.00
legacyDistInvtVerify,CZ,400,338,0,0.00
legacyCustColdComplete,CA,399,383,0,0.00
legacyCustInvtComplete,AT,397,323,0,0.00
legacyDistColdComplete,CA,396,394,0,0.00
legacyMembColdView,ZA,393,234,0,0.00
legacyDistInvtVerify,SE,392,375,0,0.00
poCustColdComplete,NL,392,353,0,0.00
legacyDistInvtIntent,CH,391,335,0,0.00
legacyDistColdComplete,HK,389,382,0,0.00
legacyCustColdVerify,CA,386,363,0,0.00
legacyCustInvtVerify,AT,385,318,0,0.00
legacyCustColdComplete,DE,383,339,0,0.00
legacyDistInvtSubmit,NZ,383,203,0,0.00
simpDistColdFindAff,SG,382,271,0,0.00
legacyDistInvtComplete,AU,379,368,0,0.00
legacyCustInvtView,IT,378,237,0,0.00
legacyDistColdSubmit,CH,378,250,0,0.00
legacyDistColdIntent,SE,375,291,0,0.00
legacyMembInvtComplete,DE,375,371,0,0.00
poCustColdComplete,NO,375,326,0,0.00
simpCustColdFindAff,MX,375,257,0,0.00
legacyMembInvtVerify,HU,374,351,0,0.00
legacyCustInvtSubmit,CL,373,276,0,0.00
legacyDistInvtSubmit,NL,373,219,0,0.00
legacyCustColdSubmit,BE,371,183,0,0.00
legacyDistInvtComplete,SK,370,369,0,0.00
legacyDistColdIntent,CH,366,311,0,0.00
legacyMembInvtComplete,HU,365,354,0,0.00
simpDistColdFindAff,TH,364,261,0,0.00
legacyDistInvtIntent,NZ,362,271,0,0.00
legacyDistColdIntent,IT,361,260,0,0.00
legacyDistInvtIntent,NL,361,280,0,0.00
legacyDistInvtSubmit,ID,361,191,0,0.00
simpDistColdIntent,SG,361,304,0,0.00
legacyCustInvtView,MX,359,292,0,0.00
legacyCustInvtView,NO,358,233,0,0.00
legacyDistColdComplete,AR,358,341,0,0.00
legacyCustColdSubmit,SE,357,198,0,0.00
legacyCustInvtView,AR,357,253,0,0.00
legacyDistColdVerify,HU,356,323,0,0.00
legacyDistColdSubmit,SK,355,202,0,0.00
legacyDistInvtComplete,DK,354,333,0,0.00
legacyDistInvtVerify,AU,354,333,0,0.00
legacyDistInvtView,LU,353,202,0,0.00
poCustColdComplete,IE,350,331,0,0.00
legacyDistColdSubmit,IT,349,195,0,0.00
legacyMembColdIntent,CO,346,262,0,0.00
legacyDistInvtComplete,CZ,345,343,0,0.00
legacyDistInvtVerify,DK,344,312,0,0.00
poCustColdComplete,PE,342,324,0,0.00
legacyDistColdView,DK,341,230,0,0.00
legacyDistColdComplete,HU,337,330,0,0.00
legacyDistInvtSubmit,FI,336,159,0,0.00
legacyDistInvtVerify,AR,334,271,0,0.00
simpDistColdIntent,TH,334,286,0,0.00
legacyMembInvtSubmit,AT,333,221,0,0.00
legacyMembInvtIntent,AT,330,279,0,0.00
legacyMembInvtSubmit,FI,327,165,0,0.00
legacyMembInvtView,IE,326,174,0,0.00
legacyCustInvtView,CH,323,226,0,0.00
legacyMembInvtVerify,BE,322,317,0,0.00
legacyCustColdComplete,AT,321,299,0,0.00
legacyCustColdSubmit,SK,320,178,0,0.00
legacyCustColdView,FI,320,180,0,0.00
legacyDistInvtView,IL,320,150,0,0.00
legacyDistInvtIntent,ID,319,237,0,0.00
legacyCustColdVerify,AT,318,289,0,0.00
legacyMembInvtComplete,BE,318,316,0,0.00
legacyDistColdIntent,SK,315,236,0,0.00
legacyCustColdSubmit,NO,311,208,0,0.00
legacyMembInvtComplete,MX,311,264,0,0.00
legacyDistInvtSubmit,HK,309,148,0,0.00
legacyMembInvtVerify,ES,307,296,0,0.00
legacyDistInvtSubmit,IE,304,159,0,0.00
legacyDistColdSubmit,BE,302,170,0,0.00
legacyCustInvtVerify,ES,301,283,0,0.00
simpDistColdNextBttn,TH,299,254,0,0.00
legacyCustInvtView,BE,298,184,0,0.00
legacyMembInvtComplete,ES,295,290,0,0.00
legacyCustInvtComplete,ES,294,281,0,0.00
legacyCustInvtSubmit,CA,293,162,0,0.00
simpDistColdNextBttn,SG,292,254,0,0.00
legacyDistInvtVerify,MX,285,254,0,0.00
legacyMembColdComplete,CO,283,254,0,0.00
legacyCustInvtVerify,CL,282,246,0,0.00
legacyDistInvtComplete,MX,282,278,0,0.00
legacyMembColdSubmit,CO,281,220,0,0.00
legacyMembColdVerify,CO,281,236,0,0.00
legacyDistColdView,IL,280,144,0,0.00
legacyDistColdIntent,NO,279,223,0,0.00
legacyMembInvtIntent,NO,275,231,0,0.00
legacyCustColdView,IL,274,108,0,0.00
legacyDistInvtIntent,HK,274,230,0,0.00
legacyDistColdSubmit,NO,272,185,0,0.00
legacyDistInvtIntent,TH,270,198,0,0.00
legacyDistInvtComplete,BE,268,268,0,0.00
simpCustColdNextBttn,MX,268,232,0,0.00
simpDistInvtError,MY,267,151,0,0.00
poCustColdComplete,NZ,265,239,0,0.00
legacyDistColdSubmit,NL,264,177,0,0.00
legacyDistInvtIntent,IE,263,197,0,0.00
legacyCustColdView,IE,261,130,0,0.00
legacyDistColdView,FI,260,183,0,0.00
legacyMembInvtSubmit,SE,260,136,0,0.00
legacyDistInvtIntent,PT,259,193,0,0.00
legacyDistColdSubmit,AT,258,155,0,0.00
legacyDistInvtVerify,BE,256,252,0,0.00
poCustColdView,SK,254,215,0,0.00
legacyDistInvtComplete,AR,253,252,0,0.00
legacyCustColdComplete,MX,252,249,0,0.00
legacyMembInvtSubmit,NO,252,172,0,0.00
legacyDistColdSubmit,CZ,251,161,0,0.00
simpDistColdFormStart,TH,251,218,0,0.00
legacyDistColdIntent,AT,250,210,0,0.00
legacyDistColdIntent,NL,250,213,0,0.00
poCustColdIntent,CA,250,225,0,0.00
legacyDistInvtVerify,MY,249,201,0,0.00
legacyCustColdVerify,CO,247,183,0,0.00
legacyCustColdVerify,MX,246,229,0,0.00
poCustColdView,AR,246,212,0,0.00
simpCustInvtError,MX,245,91,0,0.00
legacyDistInvtComplete,CH,244,242,0,0.00
legacyDistColdIntent,CZ,242,187,0,0.00
legacyDistInvtSubmit,PT,242,145,0,0.00
legacyDistColdComplete,CH,240,234,0,0.00
legacyCustColdVerify,ES,239,234,0,0.00
legacyCustInvtView,AU,238,159,0,0.00
legacyMembInvtVerify,MX,238,207,0,0.00
simpMembInvtAccept,VN,237,178,0,0.00
legacyDistColdIntent,RU,236,189,0,0.00
simpDistColdFormStart,SG,235,206,0,0.00
legacyDistInvtComplete,NO,234,234,0,0.00
legacyMembInvtSubmit,AU,234,134,0,0.00
legacyCustColdComplete,ES,233,229,0,0.00
legacyDistInvtVerify,NO,233,229,0,0.00
legacyMembInvtVerify,CO,232,194,0,0.00
legacyMembInvtView,NZ,232,140,0,0.00
legacyDistInvtIntent,FI,228,193,0,0.00
legacyCustColdSubmit,HU,227,158,0,0.00
legacyDistColdIntent,BE,227,182,0,0.00
legacyCustInvtComplete,CL,226,218,0,0.00
poCustColdView,FI,226,194,0,0.00
legacyDistInvtVerify,CH,225,222,0,0.00
legacyDistInvtVerify,ID,223,167,0,0.00
legacyMembColdSubmit,AU,223,146,0,0.00
legacyDistColdVerify,CH,221,205,0,0.00
poCustColdView,CZ,221,175,0,0.00
legacyCustColdVerify,ZA,220,218,0,0.00
legacyDistInvtComplete,NL,220,214,0,0.00
legacyCustColdSubmit,CZ,219,121,0,0.00
poCustColdView,LU,219,165,0,0.00
legacyDistColdComplete,SE,218,218,0,0.00
legacyMembInvtIntent,SE,217,173,0,0.00
legacyMembInvtIntent,FI,216,188,0,0.00
legacyDistColdSubmit,RU,213,143,0,0.00
legacyDistInvtVerify,NL,213,203,0,0.00
legacyCustColdSubmit,NL,212,97,0,0.00
legacyCustInvtSubmit,ZA,211,110,0,0.00
legacyDistColdSubmit,PF,208,131,0,0.00
legacyCustColdView,LU,207,132,0,0.00
legacyDistColdIntent,PF,207,143,0,0.00
legacyDistInvtVerify,IT,207,185,0,0.00
legacyDistColdVerify,SE,206,198,0,0.00
legacyCustInvtSubmit,GB,205,101,0,0.00
legacyDistColdVerify,IT,204,151,0,0.00
legacyDistInvtComplete,AT,201,198,0,0.00
legacyMembColdIntent,AU,201,160,0,0.00
legacyCustInvtView,HU,200,136,0,0.00
legacyCustColdSubmit,IT,199,118,0,0.00
legacyCustInvtView,CZ,198,141,0,0.00
legacyMembColdView,DE,197,113,0,0.00
legacyMembInvtVerify,AT,196,186,0,0.00
poCustColdIntent,AU,196,192,0,0.00
legacyDistInvtComplete,IT,194,193,0,0.00
legacyCustColdSubmit,PT,193,132,0,0.00
legacyMembInvtIntent,AU,193,157,0,0.00
legacyDistInvtComplete,MY,192,184,0,0.00
legacyDistInvtSubmit,RU,192,85,0,0.00
legacyDistInvtSubmit,SG,191,82,0,0.00
poCustColdView,DK,190,148,0,0.00
legacyCustColdVerify,AU,189,182,0,0.00
legacyCustColdComplete,AU,188,187,0,0.00
legacyDistColdComplete,NO,186,178,0,0.00
legacyMembColdView,ES,185,127,0,0.00
legacyDistInvtComplete,ID,183,164,0,0.00
legacyMembInvtComplete,CO,183,176,0,0.00
legacyMembInvtSubmit,CH,181,99,0,0.00
legacyCustColdComplete,ZA,180,179,0,0.00
legacyMembInvtSubmit,IT,179,109,0,0.00
progMembInvtComplete,HK,179,156,0,0.00
legacyCustColdSubmit,FI,178,92,0,0.00
legacyDistColdVerify,NO,177,163,0,0.00
legacyDistInvtVerify,AT,177,167,0,0.00
legacyDistColdView,LU,175,118,0,0.00
legacyMembColdView,HU,175,87,0,0.00
legacyMembInvtSubmit,RO,175,96,0,0.00
simpDistColdComplete,TH,171,157,0,0.00
legacyMembInvtComplete,AT,170,166,0,0.00
progCustColdIntent,PE,168,133,0,0.00
legacyMembInvtVerify,NO,167,163,0,0.00
legacyCustColdSubmit,NZ,166,111,0,0.00
legacyDistColdComplete,AT,166,163,0,0.00
legacyMembInvtIntent,IT,166,140,0,0.00
legacyDistColdVerify,NL,165,152,0,0.00
legacyDistInvtVerify,NZ,164,149,0,0.00
legacyCustColdSubmit,DK,163,97,0,0.00
legacyDistColdComplete,NL,163,161,0,0.00
legacyDistColdComplete,IT,162,159,0,0.00
legacyDistInvtComplete,NZ,162,155,0,0.00
poCustColdComplete,FI,162,152,0,0.00
legacyDistColdVerify,CZ,161,124,0,0.00
legacyDistInvtIntent,RU,158,124,0,0.00
legacyCustInvtView,DK,157,109,0,0.00
legacyDistColdVerify,RU,157,131,0,0.00
legacyDistColdSubmit,IE,156,93,0,0.00
legacyDistColdVerify,AT,156,144,0,0.00
legacyDistColdVerify,SK,156,134,0,0.00
legacyDistInvtVerify,TH,156,109,0,0.00
legacyMembInvtComplete,NO,156,153,0,0.00
legacyMembInvtComplete,FI,155,154,0,0.00
legacyMembInvtIntent,CH,153,134,0,0.00
poCustColdView,HK,153,134,0,0.00
legacyCustColdVerify,PL,152,151,0,0.00
legacyMembInvtVerify,FI,152,151,0,0.00
legacyCustColdVerify,AR,151,144,0,0.00
legacyDistInvtComplete,FI,151,150,0,0.00
legacyMembInvtSubmit,NL,150,81,0,0.00
legacyCustColdComplete,CO,149,146,0,0.00
legacyDistColdComplete,BE,149,142,0,0.00
legacyDistColdIntent,IE,147,114,0,0.00
legacyDistInvtIntent,IS,147,121,0,0.00
simpCustColdContactMe,MX,147,147,0,0.00
legacyCustColdSubmit,RU,145,89,0,0.00
legacyDistColdComplete,PF,145,118,0,0.00
legacyDistInvtVerify,HK,145,132,0,0.00
legacyMembColdView,GB,145,98,0,0.00
legacyMembInvtIntent,RO,145,120,0,0.00
legacyMembInvtIntent,NL,144,112,0,0.00
legacyCustColdComplete,PL,143,143,0,0.00
poCustColdComplete,LU,143,123,0,0.00
legacyDistColdView,BN,142,89,0,0.00
legacyMembInvtIntent,LU,142,113,0,0.00
legacyDistColdVerify,PF,141,113,0,0.00
legacyCustColdComplete,AR,140,137,0,0.00
legacyDistInvtComplete,IE,140,136,0,0.00
legacyDistInvtVerify,FI,140,138,0,0.00
legacyMembColdComplete,AU,140,126,0,0.00
legacyMembInvtIntent,VN,140,109,0,0.00
poCustColdView,TH,140,116,0,0.00
progCustColdIntent,TH,140,107,0,0.00
legacyDistColdVerify,BE,139,128,0,0.00
poCustColdComplete,CZ,139,121,0,0.00
legacyMembColdVerify,AU,138,118,0,0.00
poCustColdComplete,SK,138,133,0,0.00
legacyCustInvtComplete,CA,137,128,0,0.00
legacyDistColdComplete,SK,137,131,0,0.00
legacyDistInvtComplete,HK,137,136,0,0.00
legacyDistInvtVerify,PT,137,127,0,0.00
progCustColdComplete,PE,136,134,0,0.00
legacyCustInvtVerify,CA,135,124,0,0.00
legacyCustColdSubmit,IE,134,59,0,0.00
legacyDistInvtVerify,IE,134,128,0,0.00
poCustColdComplete,AR,134,126,0,0.00
simpDistColdComplete,SG,134,128,0,0.00
legacyDistInvtIntent,SG,133,116,0,0.00
legacyDistInvtSubmit,IS,130,89,0,0.00
legacyDistInvtComplete,PT,129,126,0,0.00
legacyMembInvtSubmit,VN,129,77,0,0.00
legacyMembInvtView,PT,127,72,0,0.00
legacyCustColdSubmit,IL,126,39,0,0.00
legacyDistColdComplete,CZ,126,121,0,0.00
legacyMembInvtVerify,SE,126,122,0,0.00
legacyMembInvtSubmit,LU,122,85,0,0.00
legacyCustInvtView,PT,120,80,0,0.00
progDistColdIntent,US,120,111,0,0.00
legacyDistColdComplete,RU,119,118,0,0.00
legacyMembInvtVerify,AU,118,109,0,0.00
legacyCustInvtView,RO,116,58,0,0.00
poCustColdComplete,DK,116,101,0,0.00
legacyMembInvtComplete,AU,114,109,0,0.00
legacyDistInvtIntent,LU,112,90,0,0.00
progCustColdComplete,TH,112,109,0,0.00
legacyMembInvtComplete,SE,111,110,0,0.00
legacyMembInvtSubmit,IE,111,60,0,0.00
legacyMembInvtSubmit,RU,111,72,0,0.00
legacyMembColdView,PF,110,64,0,0.00
legacyMembInvtIntent,RU,110,96,0,0.00
legacyCustInvtSubmit,PL,107,66,0,0.00
legacyDistColdIntent,UA,104,63,0,0.00
legacyDistInvtSubmit,LU,104,70,0,0.00
poCustColdView,IS,103,95,0,0.00
legacyCustInvtView,RU,102,76,0,0.00
legacyMembColdView,IS,102,70,0,0.00
legacyMembInvtIntent,IE,101,75,0,0.00
legacyMembInvtView,UA,101,59,0,0.00
legacyDistColdView,NC,100,58,0,0.00
legacyDistInvtComplete,TH,100,98,0,0.00
legacyDistInvtSubmit,UA,100,52,0,0.00
legacyDistInvtIntent,UA,99,78,0,0.00
legacyMembInvtVerify,IT,99,98,0,0.00
legacyCustInvtView,NZ,98,69,0,0.00
simpDistInvtLanding,PH,98,60,0,0.00
legacyCustInvtView,LU,97,73,0,0.00
legacyDistColdView,IS,97,64,0,0.00
legacyDistInvtSubmit,IL,97,33,0,0.00
legacyMembInvtComplete,IT,96,96,0,0.00
legacyCustInvtSubmit,CO,95,49,0,0.00
legacyDistInvtComplete,IS,95,91,0,0.00
legacyDistColdSubmit,UA,93,36,0,0.00
legacyCustColdVerify,SK,92,92,0,0.00
legacyCustInvtVerify,GB,92,92,0,0.00
legacyCustColdSubmit,LU,91,60,0,0.00
legacyMembInvtComplete,CH,91,89,0,0.00
legacyMembInvtVerify,CH,91,89,0,0.00
poCustColdView,IL,91,75,0,0.00
legacyCustInvtSubmit,CH,90,57,0,0.00
legacyCustInvtView,SK,90,58,0,0.00
progDistColdComplete,US,90,88,0,0.00
legacyCustColdComplete,SK,89,89,0,0.00
legacyCustColdVerify,CH,89,82,0,0.00
legacyCustInvtVerify,ZA,89,88,0,0.00
legacyDistInvtVerify,IS,89,83,0,0.00
legacyMembColdView,NZ,89,57,0,0.00
legacyCustInvtSubmit,BE,88,56,0,0.00
legacyMembInvtVerify,LU,88,84,0,0.00
legacyMembInvtVerify,VN,88,70,0,0.00
legacyMembInvtVerify,RO,87,79,0,0.00
legacyCustColdComplete,CH,86,81,0,0.00
legacyMembColdSubmit,ZA,86,54,0,0.00
legacyCustColdVerify,NO,85,85,0,0.00
legacyCustColdView,PF,85,60,0,0.00
legacyMembInvtSubmit,NZ,85,44,0,0.00
legacyCustColdComplete,NO,84,84,0,0.00
legacyDistColdComplete,IE,84,84,0,0.00
legacyMembInvtView,IL,84,36,0,0.00
legacyCustColdVerify,RO,83,80,0,0.00
legacyMembColdIntent,ZA,83,71,0,0.00
simpDistInvtError,TH,83,40,0,0.00
legacyCustInvtSubmit,SE,82,52,0,0.00
legacyMembInvtVerify,RU,82,75,0,0.00
legacyCustInvtSubmit,NO,81,63,0,0.00
legacyMembInvtComplete,VN,81,74,0,0.00
legacyMembInvtVerify,NL,81,74,0,0.00
poCustColdComplete,HK,81,79,0,0.00
progCustInvtView,TH,81,66,0,0.00
legacyMembInvtComplete,NL,80,75,0,0.00
legacyCustInvtComplete,GB,79,79,0,0.00
legacyDistColdVerify,IE,79,76,0,0.00
legacyCustInvtComplete,ZA,78,75,0,0.00
legacyMembInvtComplete,LU,77,75,0,0.00
simpDistInvtAccept,PH,77,48,0,0.00
legacyMembInvtView,IS,75,35,0,0.00
legacyDistColdView,VN,74,51,0,0.00
legacyMembInvtComplete,RU,74,73,0,0.00
poCustColdComplete,IS,74,72,0,0.00
legacyCustColdComplete,RO,73,73,0,0.00
legacyCustColdVerify,CZ,72,55,0,0.00
legacyCustInvtSubmit,IT,72,47,0,0.00
poCustColdComplete,TH,72,67,0,0.00
progCustColdView,US,72,59,0,0.00
legacyCustColdView,UA,71,48,0,0.00
legacyMembInvtComplete,RO,71,70,0,0.00
legacyCustColdComplete,IT,70,65,0,0.00
legacyCustColdVerify,HU,69,69,0,0.00
legacyDistColdSubmit,DK,69,42,0,0.00
legacyCustInvtView,IL,68,37,0,0.00
legacyDistInvtComplete,LU,66,65,0,0.00
legacyMembInvtIntent,NZ,66,50,0,0.00
legacyDistColdSubmit,FI,64,37,0,0.00
legacyDistColdSubmit,IL,64,29,0,0.00
legacyCustInvtSubmit,AU,63,44,0,0.00
legacyDistInvtVerify,SG,63,51,0,0.00
legacyCustColdComplete,HU,62,62,0,0.00
legacyCustColdVerify,IT,62,59,0,0.00
legacyCustInvtVerify,NO,61,61,0,0.00
legacyDistColdIntent,DK,61,51,0,0.00
legacyCustColdVerify,NZ,60,52,0,0.00
legacyCustInvtVerify,CH,60,57,0,0.00
poCustColdComplete,IL,60,56,0,0.00
legacyDistInvtComplete,RU,59,59,0,0.00
legacyCustColdComplete,BE,58,57,0,0.00
legacyDistInvtVerify,LU,58,57,0,0.00
legacyMembColdView,CZ,58,31,0,0.00
legacyMembInvtVerify,IE,58,57,0,0.00
progCustInvtComplete,PE,58,57,0,0.00
legacyCustColdView,IS,57,42,0,0.00
legacyDistInvtVerify,RU,57,55,0,0.00
legacyCustColdComplete,NZ,56,49,0,0.00
legacyCustColdComplete,SE,56,56,0,0.00
legacyCustColdVerify,SE,56,56,0,0.00
legacyCustInvtComplete,CH,56,53,0,0.00
legacyCustInvtView,FI,56,40,0,0.00
legacyDistInvtIntent,IL,56,43,0,0.00
legacyDistColdIntent,FI,55,49,0,0.00
simpDistColdView,BN,54,34,0,0.00
legacyCustColdVerify,BE,53,51,0,0.00
legacyCustInvtVerify,PL,53,53,0,0.00
legacyMembInvtComplete,IE,53,52,0,0.00
legacyDistColdIntent,BN,52,43,0,0.00
legacyCustInvtVerify,BE,51,49,0,0.00
legacyDistInvtComplete,SG,51,51,0,0.00
legacyCustInvtVerify,SE,50,49,0,0.00
legacyDistColdSubmit,BN,50,36,0,0.00
legacyCustInvtComplete,NO,49,49,0,0.00
legacyCustInvtComplete,PL,49,49,0,0.00
legacyMembColdVerify,ZA,49,46,0,0.00
legacyCustColdComplete,CZ,48,48,0,0.00
legacyCustInvtSubmit,HU,47,42,0,0.00
legacyCustInvtComplete,BE,46,46,0,0.00
legacyCustInvtSubmit,AR,46,32,0,0.00
legacyDistColdSubmit,NC,45,32,0,0.00
legacyCustInvtView,NL,44,28,0,0.00
poCustColdView,RU,44,32,0,0.00
legacyCustInvtVerify,CO,43,34,0,0.00
simpDistInvtError,SG,43,28,0,0.00
legacyDistColdIntent,NC,42,29,0,0.00
legacyDistColdVerify,BN,42,34,0,0.00
legacyDistColdVerify,UA,41,25,0,0.00
legacyMembColdView,RO,41,22,0,0.00
legacyMembColdComplete,ZA,40,40,0,0.00
legacyCustInvtComplete,SE,39,38,0,0.00
legacyDistInvtVerify,UA,39,33,0,0.00
legacyMembColdIntent,HU,39,28,0,0.00
legacyDistColdComplete,FI,38,37,0,0.00
legacyDistColdIntent,IL,38,29,0,0.00
legacyDistColdSubmit,LU,38,26,0,0.00
legacyMembColdView,PL,38,32,0,0.00
poCustColdView,UA,38,30,0,0.00
legacyDistColdIntent,LU,37,26,0,0.00
legacyMembInvtSubmit,PT,37,19,0,0.00
legacyMembInvtVerify,NZ,37,33,0,0.00
legacyCustInvtVerify,HU,36,36,0,0.00
legacyDistColdVerify,FI,36,35,0,0.00
legacyDistInvtComplete,UA,36,36,0,0.00
legacyCustInvtVerify,AU,35,34,0,0.00
legacyDistColdIntent,IS,35,31,0,0.00
legacyMembColdSubmit,HU,35,22,0,0.00
legacyCustInvtComplete,AU,34,34,0,0.00
legacyCustInvtComplete,HU,34,34,0,0.00
legacyCustInvtComplete,IT,34,34,0,0.00
legacyCustInvtSubmit,CZ,34,19,0,0.00
legacyDistColdComplete,BN,34,32,0,0.00
legacyDistColdComplete,NC,34,30,0,0.00
legacyMembColdIntent,DE,34,24,0,0.00
legacyMembInvtComplete,NZ,34,32,0,0.00
legacyCustInvtSubmit,MX,33,26,0,0.00
legacyDistColdVerify,NC,33,28,0,0.00
legacyMembInvtSubmit,IL,33,17,0,0.00
legacyCustColdVerify,PT,32,31,0,0.00
legacyCustInvtComplete,CO,32,32,0,0.00
legacyCustInvtSubmit,DK,32,24,0,0.00
legacyCustInvtVerify,IT,32,31,0,0.00
legacyCustColdComplete,RU,31,31,0,0.00
legacyCustColdVerify,RU,31,31,0,0.00
legacyDistInvtView,PF,31,21,0,0.00
legacyMembColdView,NC,31,11,0,0.00
simpDistColdFindAff,BN,31,16,0,0.00
legacyCustColdComplete,PT,30,29,0,0.00
legacyCustInvtSubmit,PT,30,19,0,0.00
legacyDistColdComplete,UA,30,28,0,0.00
legacyDistInvtVerify,IL,30,25,0,0.00
legacyMembInvtIntent,PT,30,25,0,0.00
legacyCustColdVerify,NL,29,29,0,0.00
progCustColdIntent,US,29,21,0,0.00
legacyCustColdVerify,IE,28,26,0,0.00
legacyDistColdVerify,DK,28,26,0,0.00
legacyMembInvtIntent,UA,28,23,0,0.00
simpDistColdIntent,BN,28,19,0,0.00
simpMembInvtView,VN,28,14,0,0.00
legacyCustColdComplete,NL,27,27,0,0.00
legacyCustInvtSubmit,RO,27,13,0,0.00
legacyCustInvtSubmit,IL,26,9,0,0.00
legacyCustInvtVerify,AR,26,26,0,0.00
legacyDistColdComplete,IS,26,26,0,0.00
legacyMembColdSubmit,DE,26,15,0,0.00
legacyMembColdView,NL,26,16,0,0.00
poCustColdIntent,NZ,26,26,0,0.00
legacyCustInvtSubmit,NZ,25,16,0,0.00
legacyDistColdComplete,DK,25,25,0,0.00
legacyDistColdVerify,IS,25,24,0,0.00
legacyCustColdSubmit,PF,24,19,0,0.00
legacyCustColdView,NC,24,18,0,0.00
legacyCustInvtComplete,AR,24,24,0,0.00
legacyCustInvtVerify,DK,24,24,0,0.00
legacyDistColdSubmit,IS,24,19,0,0.00
legacyMembColdIntent,NZ,24,21,0,0.00
legacyMembColdSubmit,NZ,24,20,0,0.00
legacyCustColdComplete,FI,23,23,0,0.00
legacyCustInvtComplete,MX,23,23,0,0.00
legacyDistColdComplete,LU,23,22,0,0.00
legacyDistColdVerify,LU,23,20,0,0.00
simpDistColdNextBttn,BN,23,16,0,0.00
legacyCustColdVerify,FI,22,22,0,0.00
legacyDistInvtComplete,IL,22,22,0,0.00
legacyCustColdComplete,IE,21,21,0,0.00
legacyCustColdVerify,DK,21,21,0,0.00
legacyCustInvtSubmit,FI,21,10,0,0.00
legacyCustInvtView,IE,21,16,0,0.00
poCustColdComplete,UA,21,19,0,0.00
simpDistInvtView,MX,21,15,0,0.00
legacyCustInvtComplete,DK,20,20,0,0.00
legacyCustInvtComplete,PT,20,18,0,0.00
legacyCustInvtVerify,MX,20,20,0,0.00
legacyDistColdVerify,IL,20,14,0,0.00
legacyMembColdSubmit,ES,20,10,0,0.00
legacyMembInvtIntent,IS,20,16,0,0.00
legacyMembInvtSubmit,IS,20,15,0,0.00
legacyMembInvtView,PF,20,14,0,0.00
poCustColdComplete,RU,20,20,0,0.00
legacyCustColdComplete,DK,19,19,0,0.00
legacyCustColdSubmit,IS,19,14,0,0.00
legacyCustInvtVerify,CZ,19,15,0,0.00
legacyMembColdIntent,GB,19,17,0,0.00
legacyCustInvtVerify,PT,18,17,0,0.00
legacyMembColdSubmit,PF,18,9,0,0.00
legacyMembColdView,FR,18,8,0,0.00
legacyMembInvtIntent,IL,18,15,0,0.00
poCustColdView,SG,18,16,0,0.00
legacyCustColdSubmit,UA,17,11,0,0.00
legacyMembColdSubmit,GB,17,12,0,0.00
legacyMembInvtComplete,PT,17,17,0,0.00
simpDistColdFormStart,BN,17,12,0,0.00
legacyDistInvtView,NC,16,4,0,0.00
legacyMembColdComplete,NZ,16,16,0,0.00
legacyMembInvtVerify,PT,16,16,0,0.00
legacyMembInvtView,NC,16,12,0,0.00
poCustColdView,NC,16,13,0,0.00
legacyCustColdVerify,LU,15,13,0,0.00
legacyCustInvtComplete,CZ,15,15,0,0.00
legacyCustInvtSubmit,LU,15,11,0,0.00
legacyMembInvtComplete,UA,15,14,0,0.00
simpMembInvtIntent,VN,15,11,0,0.00
legacyCustInvtView,IS,14,7,0,0.00
legacyMembColdVerify,HU,14,11,0,0.00
legacyMembColdVerify,NZ,14,14,0,0.00
legacyMembColdView,IT,14,8,0,0.00
legacyMembInvtIntent,PF,14,10,0,0.00
legacyCustColdComplete,LU,13,13,0,0.00
legacyCustInvtSubmit,RU,13,7,0,0.00
legacyCustInvtSubmit,SK,13,9,0,0.00
legacyCustInvtView,UA,13,9,0,0.00
legacyDistInvtView,BN,13,9,0,0.00
legacyMembColdComplete,HU,13,11,0,0.00
legacyMembColdIntent,CZ,13,9,0,0.00
legacyMembColdIntent,IS,13,11,0,0.00
legacyMembInvtSubmit,UA,13,10,0,0.00
legacyMembInvtVerify,IL,13,9,0,0.00
simpDistInvtIntent,MX,13,10,0,0.00
simpMembInvtSubmit,VN,13,9,0,0.00
legacyDistColdSubmit,VN,12,6,0,0.00
legacyMembColdSubmit,CZ,12,6,0,0.00
legacyMembInvtVerify,IS,12,12,0,0.00
simpDistColdView,CA,12,2,0,0.00
legacyCustInvtVerify,RO,11,11,0,0.00
legacyMembColdIntent,PF,11,9,0,0.00
legacyMembColdVerify,DE,11,9,0,0.00
legacyMembColdView,SE,11,9,0,0.00
legacyMembInvtVerify,UA,11,11,0,0.00
poCustColdComplete,SG,11,11,0,0.00
simpCustColdView,US,11,5,0,0.00
legacyCustInvtComplete,NZ,10,10,0,0.00
legacyCustInvtComplete,RO,10,10,0,0.00
legacyDistColdComplete,IL,10,10,0,0.00
legacyDistColdVerify,VN,10,5,0,0.00
legacyMembColdIntent,ES,10,10,0,0.00
poCustColdComplete,NC,10,8,0,0.00
simpDistInvtView,PH,10,7,0,0.00
legacyCustColdComplete,PF,9,9,0,0.00
legacyCustColdVerify,IL,9,9,0,0.00
legacyCustColdVerify,PF,9,9,0,0.00
legacyCustInvtComplete,FI,9,9,0,0.00
legacyCustInvtVerify,FI,9,9,0,0.00
legacyCustInvtVerify,LU,9,9,0,0.00
legacyCustInvtView,PF,9,7,0,0.00
legacyMembColdSubmit,NC,9,3,0,0.00
legacyMembColdVerify,CZ,9,5,0,0.00
legacyMembColdVerify,GB,9,9,0,0.00
simpDistColdComplete,BN,9,7,0,0.00
legacyCustColdComplete,IL,8,8,0,0.00
legacyCustInvtVerify,NZ,8,8,0,0.00
legacyMembColdComplete,DE,8,7,0,0.00
legacyMembInvtComplete,IS,8,8,0,0.00
progCustInvtComplete,TH,8,7,0,0.00
progMembInvtRegClick,PE,8,7,0,0.00
legacyCustColdSubmit,NC,7,7,0,0.00
legacyCustColdVerify,IS,7,7,0,0.00
legacyCustInvtVerify,SK,7,6,0,0.00
legacyDistInvtIntent,PF,7,6,0,0.00
legacyMembColdView,AT,7,5,0,0.00
legacyMembInvtComplete,IL,7,7,0,0.00
legacyMembInvtComplete,PF,7,7,0,0.00
legacyMembInvtSubmit,PF,7,7,0,0.00
progMembInvtIntent,HK,7,6,0,0.00
simpDistColdFindAff,CA,7,1,0,0.00
simpDistColdIntent,CA,7,1,0,0.00
simpDistInvtLanding,US,7,4,0,0.00
simpDistInvtSubmit,MX,7,5,0,0.00
legacyCustColdComplete,IS,6,6,0,0.00
legacyCustInvtComplete,IL,6,6,0,0.00
legacyCustInvtComplete,LU,6,6,0,0.00
legacyCustInvtComplete,SK,6,5,0,0.00
legacyCustInvtSubmit,NL,6,4,0,0.00
legacyDistColdIntent,VN,6,5,0,0.00
legacyDistInvtSubmit,PF,6,3,0,0.00
legacyMembColdView,SK,6,5,0,0.00
legacyMembInvtVerify,PF,6,6,0,0.00
simpDistColdNextBttn,CA,6,1,0,0.00
legacyCustColdComplete,NC,5,5,0,0.00
legacyCustColdVerify,NC,5,5,0,0.00
legacyCustInvtVerify,IL,5,5,0,0.00
legacyDistInvtSubmit,NC,5,2,0,0.00
legacyMembColdComplete,GB,5,5,0,0.00
legacyMembColdView,BE,5,2,0,0.00
progCustColdComplete,US,5,5,0,0.00
simpDistInvtView,US,5,4,0,0.00
simpMembInvtComplete,VN,5,5,0,0.00
legacyCustColdVerify,UA,4,4,0,0.00
legacyCustInvtComplete,RU,4,4,0,0.00
legacyCustInvtSubmit,IE,4,2,0,0.00
legacyCustInvtVerify,NL,4,4,0,0.00
legacyMembColdComplete,CZ,4,3,0,0.00
legacyMembColdComplete,PF,4,4,0,0.00
legacyMembColdIntent,PL,4,3,0,0.00
legacyMembColdVerify,PF,4,4,0,0.00
progMembInvtInfoClick,PE,4,4,0,0.00
simpCustColdFormStart,US,4,2,0,0.00
simpDistInvtAccept,US,4,3,0,0.00
simpDistInvtComplete,MX,4,4,0,0.00
simpDistInvtError,BN,4,3,0,0.00
simpMembColdView,MX,4,3,0,0.00
simpMembColdView,US,4,2,0,0.00
legacyCustColdComplete,UA,3,3,0,0.00
legacyCustInvtComplete,NL,3,3,0,0.00
legacyCustInvtVerify,RU,3,3,0,0.00
legacyCustInvtView,NC,3,3,0,0.00
legacyDistInvtComplete,PF,3,2,0,0.00
legacyDistInvtIntent,BN,3,3,0,0.00
legacyDistInvtIntent,NC,3,2,0,0.00
legacyDistInvtSubmit,BN,3,1,0,0.00
legacyDistInvtVerify,PF,3,2,0,0.00
legacyMembColdIntent,NC,3,3,0,0.00
legacyMembColdIntent,RO,3,2,0,0.00
legacyMembColdSubmit,IS,3,2,0,0.00
legacyMembColdSubmit,RO,3,3,0,0.00
simpCustColdView,GB,3,2,0,0.00
simpCustInvtLanding,US,3,2,0,0.00
simpDistInvtIntent,BN,3,3,0,0.00
simpDistInvtIntent,PH,3,2,0,0.00
simpDistInvtView,BN,3,3,0,0.00
simpDistInvtView,ID,3,1,0,0.00
simpMembColdFindAff,MX,3,2,0,0.00
simpMembColdIntent,MX,3,2,0,0.00
simpMembColdNextBttn,MX,3,2,0,0.00
legacyCustInvtComplete,IE,2,2,0,0.00
legacyCustInvtSubmit,IS,2,2,0,0.00
legacyDistInvtComplete,NC,2,2,0,0.00
legacyMembColdComplete,FR,2,2,0,0.00
legacyMembColdComplete,PL,2,2,0,0.00
legacyMembColdComplete,RO,2,2,0,0.00
legacyMembColdIntent,FR,2,0,0,0.00
legacyMembColdIntent,PT,2,1,0,0.00
legacyMembColdSubmit,IT,2,2,0,0.00
legacyMembColdSubmit,PL,2,2,0,0.00
legacyMembColdVerify,PL,2,2,0,0.00
legacyMembColdView,FI,2,0,0,0.00
legacyMembColdView,PT,2,2,0,0.00
poCustColdView,PF,2,2,0,0.00
simpCustColdFindAff,US,2,1,0,0.00
simpCustColdIntent,US,2,1,0,0.00
simpCustInvtIntent,MX,2,2,0,0.00
simpCustInvtIntent,US,2,2,0,0.00
simpCustInvtView,MX,2,2,0,0.00
simpCustInvtView,US,2,2,0,0.00
simpDistColdView,US,2,2,0,0.00
simpDistInvtAccept,BN,2,2,0,0.00
simpDistInvtAccept,ID,2,1,0,0.00
simpDistInvtIntent,US,2,2,0,0.00
simpDistInvtLanding,BN,2,2,0,0.00
simpDistInvtLanding,ID,2,1,0,0.00
simpDistInvtSubmit,BN,2,1,0,0.00
simpDistInvtSubmit,ID,2,1,0,0.00
simpMembColdFindAff,US,2,1,0,0.00
simpMembColdIntent,US,2,1,0,0.00
Brand Affiliate,ZA,1,1,0,0.00
Customer,CZ,1,1,0,0.00
Customer,FR,1,1,0,0.00
legacyCustInvtComplete,IS,1,1,0,0.00
legacyCustInvtComplete,NC,1,1,0,0.00
legacyCustInvtComplete,UA,1,1,0,0.00
legacyCustInvtSubmit,NC,1,1,0,0.00
legacyCustInvtSubmit,PF,1,1,0,0.00
legacyCustInvtVerify,IE,1,1,0,0.00
legacyCustInvtVerify,NC,1,1,0,0.00
legacyDistInvtComplete,BN,1,1,0,0.00
legacyDistInvtIntent,AR,1,1,0,0.00
legacyDistInvtVerify,BN,1,1,0,0.00
legacyDistInvtVerify,NC,1,1,0,0.00
legacyMembColdComplete,ES,1,1,0,0.00
legacyMembColdComplete,PT,1,1,0,0.00
legacyMembColdIntent,FI,1,0,0,0.00
legacyMembColdIntent,IT,1,1,0,0.00
legacyMembColdSubmit,FI,1,1,0,0.00
legacyMembColdVerify,ES,1,1,0,0.00
legacyMembColdVerify,FR,1,1,0,0.00
legacyMembColdVerify,PT,1,1,0,0.00
legacyMembColdView,LU,1,1,0,0.00
legacyMembInvtView,PH,1,0,0,0.00
poCustColdComplete,PF,1,1,0,0.00
progCustColdView,HK,1,1,0,0.00
progDistColdComplete,ID,1,1,0,0.00
progDistColdComplete,PF,1,1,0,0.00
progDistColdIntent,TH,1,1,0,0.00
simpCustColdIntent,GB,1,1,0,0.00
simpCustColdNextBttn,US,1,1,0,0.00
simpCustInvtAccept,US,1,1,0,0.00
simpCustInvtComplete,MX,1,1,0,0.00
simpCustInvtSubmit,MX,1,1,0,0.00
simpDistColdComplete,US,1,1,0,0.00
simpDistColdFindAff,BE,1,0,0,0.00
simpDistColdFormStart,US,1,1,0,0.00
simpDistColdIntent,BE,1,0,0,0.00
simpDistColdNextBttn,BE,1,0,0,0.00
simpDistColdView,BE,1,0,0,0.00
simpDistInvtComplete,BN,1,1,0,0.00
simpDistInvtIntent,ID,1,1,0,0.00
simpDistInvtIntent,SG,1,1,0,0.00
simpDistInvtSubmit,PH,1,1,0,0.00
simpDistInvtView,SG,1,1,0,0.00
simpMembColdFormStart,US,1,1,0,0.00
simpMembColdNextBttn,US,1,1,0,0.00
,,1813990,1253040,0,0.00
